signal,symbole,horizon_h,IC,t_stat,n_eff
oi_build_contrarian,BTC-USDT-SWAP,4,-0.018426154113188632,-1.7780438108477556,9310
oi_build_contrarian,BTC-USDT-SWAP,24,-0.01351238221410708,-0.5319815332330324,1551
oi_build_contrarian,BTC-USDT-SWAP,72,-0.011327427415711884,-0.25713565370182906,517
oi_build_contrarian,BTC-USDT-SWAP,168,0.015257186776916775,0.22615853415814766,221
oi_deleveraging,BTC-USDT-SWAP,4,0.009603581710575633,0.9261910404142264,9302
oi_deleveraging,BTC-USDT-SWAP,24,0.003956182983559108,0.15567463086604785,1550
oi_deleveraging,BTC-USDT-SWAP,72,0.004907322778579693,0.11134368947782115,516
oi_deleveraging,BTC-USDT-SWAP,168,0.002590086676217182,0.03837208080930542,221
oi_price_divergence,BTC-USDT-SWAP,4,-0.018426154113188632,-1.7780438108477556,9310
oi_price_divergence,BTC-USDT-SWAP,24,-0.01351238221410708,-0.5319815332330324,1551
oi_price_divergence,BTC-USDT-SWAP,72,-0.011327427415711884,-0.25713565370182906,517
oi_price_divergence,BTC-USDT-SWAP,168,0.015257186776916775,0.22615853415814766,221
taker_flow,BTC-USDT-SWAP,4,-0.0009701714146354263,-0.09008504254032876,8624
taker_flow,BTC-USDT-SWAP,24,0.007455668728509806,0.2824717752867714,1437
taker_flow,BTC-USDT-SWAP,72,-0.0001618792871643202,-0.003535908795049289,479
taker_flow,BTC-USDT-SWAP,168,0.00351245461563735,0.05008615470565935,205
taker_flow_contrarian,BTC-USDT-SWAP,4,0.0009701714146354263,0.09008504254032876,8624
taker_flow_contrarian,BTC-USDT-SWAP,24,-0.007455668728509806,-0.2824717752867714,1437
taker_flow_contrarian,BTC-USDT-SWAP,72,0.0001618792871643202,0.003535908795049289,479
taker_flow_contrarian,BTC-USDT-SWAP,168,-0.00351245461563735,-0.05008615470565935,205
account_positioning_contrarian,BTC-USDT-SWAP,4,0.022761116136655987,2.196780943155596,9312
account_positioning_contrarian,BTC-USDT-SWAP,24,0.05275491918038595,2.0798874257262328,1552
account_positioning_contrarian,BTC-USDT-SWAP,72,0.07466945435936652,1.6998360899110359,517
account_positioning_contrarian,BTC-USDT-SWAP,168,0.05135061668653743,0.7621738475833358,221
funding_contrarian,BTC-USDT-SWAP,4,0.023647356566455714,2.282363080247362,9312
funding_contrarian,BTC-USDT-SWAP,24,0.05036508147356362,1.9854216421992972,1552
funding_contrarian,BTC-USDT-SWAP,72,0.0306718684932545,0.6966178260094773,517
funding_contrarian,BTC-USDT-SWAP,168,0.013975767709417145,0.2071825251291834,221
oi_build_contrarian,ETH-USDT-SWAP,4,-0.0004923386097690705,-0.04044300709086809,6749
oi_build_contrarian,ETH-USDT-SWAP,24,0.014996861509055557,0.5026099075861182,1124
oi_build_contrarian,ETH-USDT-SWAP,72,0.010695703888154115,0.2065763234166809,374
oi_build_contrarian,ETH-USDT-SWAP,168,0.0004815884309973932,0.006067027470087989,160
oi_deleveraging,ETH-USDT-SWAP,4,0.009108148549915302,0.7483418039364146,6752
oi_deleveraging,ETH-USDT-SWAP,24,0.012682860202494251,0.4251150307422145,1125
oi_deleveraging,ETH-USDT-SWAP,72,-0.006247357175010955,-0.12067683258973759,375
oi_deleveraging,ETH-USDT-SWAP,168,-0.004236182418307476,-0.05337669759592048,160
oi_price_divergence,ETH-USDT-SWAP,4,-0.0004923386097690705,-0.04044300709086809,6749
oi_price_divergence,ETH-USDT-SWAP,24,0.014996861509055557,0.5026099075861182,1124
oi_price_divergence,ETH-USDT-SWAP,72,0.010695703888154115,0.2065763234166809,374
oi_price_divergence,ETH-USDT-SWAP,168,0.0004815884309973932,0.006067027470087989,160
taker_flow,ETH-USDT-SWAP,4,0.004901322811522289,0.3810883359686173,6047
taker_flow,ETH-USDT-SWAP,24,0.0014874259449590324,0.04717455804282689,1007
taker_flow,ETH-USDT-SWAP,72,0.010256902331069212,0.1874498980389481,335
taker_flow,ETH-USDT-SWAP,168,0.011923559954125265,0.1420867816334974,143
taker_flow_contrarian,ETH-USDT-SWAP,4,-0.004901322811522289,-0.3810883359686173,6047
taker_flow_contrarian,ETH-USDT-SWAP,24,-0.0014874259449590324,-0.04717455804282689,1007
taker_flow_contrarian,ETH-USDT-SWAP,72,-0.010256902331069212,-0.1874498980389481,335
taker_flow_contrarian,ETH-USDT-SWAP,168,-0.011923559954125265,-0.1420867816334974,143
account_positioning_contrarian,ETH-USDT-SWAP,4,0.010099281546850213,0.8244954609433724,6666
account_positioning_contrarian,ETH-USDT-SWAP,24,0.028051674574524524,0.9345524129385017,1111
account_positioning_contrarian,ETH-USDT-SWAP,72,0.05997863221541074,1.153208511334509,370
account_positioning_contrarian,ETH-USDT-SWAP,168,0.03970843901391635,0.4974941926288042,158
funding_contrarian,ETH-USDT-SWAP,4,0.017991801156923674,1.736303405809941,9312
funding_contrarian,ETH-USDT-SWAP,24,0.058061141816440634,2.2897629267523016,1552
funding_contrarian,ETH-USDT-SWAP,72,0.0793854222014191,1.8078547333004633,517
funding_contrarian,ETH-USDT-SWAP,168,0.05378749190359236,0.7984458393597237,221
oi_build_contrarian,SOL-USDT-SWAP,4,-0.018322594491225773,-1.5045197216709014,6742
oi_build_contrarian,SOL-USDT-SWAP,24,-0.025296441989036227,-0.8474974753520425,1123
oi_build_contrarian,SOL-USDT-SWAP,72,-0.006371308203657232,-0.12298185687695655,374
oi_build_contrarian,SOL-USDT-SWAP,168,0.01692206236615718,0.21309383499530438,160
oi_deleveraging,SOL-USDT-SWAP,4,0.014914717234987863,1.2254826791830218,6751
oi_deleveraging,SOL-USDT-SWAP,24,0.006523304204417067,0.21863673878363224,1125
oi_deleveraging,SOL-USDT-SWAP,72,0.014908676493781034,0.2880039002836306,375
oi_deleveraging,SOL-USDT-SWAP,168,0.004418914281734641,0.055678153791024955,160
oi_price_divergence,SOL-USDT-SWAP,4,-0.018322594491225773,-1.5045197216709014,6742
oi_price_divergence,SOL-USDT-SWAP,24,-0.025296441989036227,-0.8474974753520425,1123
oi_price_divergence,SOL-USDT-SWAP,72,-0.006371308203657232,-0.12298185687695655,374
oi_price_divergence,SOL-USDT-SWAP,168,0.01692206236615718,0.21309383499530438,160
taker_flow,SOL-USDT-SWAP,4,0.0044758894300116845,0.3480092860688177,6047
taker_flow,SOL-USDT-SWAP,24,0.0077837244254638106,0.24687244343642237,1007
taker_flow,SOL-USDT-SWAP,72,0.02384832586199412,0.4359408591397893,335
taker_flow,SOL-USDT-SWAP,168,0.018021664892093333,0.21477429873898807,143
taker_flow_contrarian,SOL-USDT-SWAP,4,-0.0044758894300116845,-0.3480092860688177,6047
taker_flow_contrarian,SOL-USDT-SWAP,24,-0.0077837244254638106,-0.24687244343642237,1007
taker_flow_contrarian,SOL-USDT-SWAP,72,-0.02384832586199412,-0.4359408591397893,335
taker_flow_contrarian,SOL-USDT-SWAP,168,-0.018021664892093333,-0.21477429873898807,143
account_positioning_contrarian,SOL-USDT-SWAP,4,0.018452595753973525,1.5066315540817572,6666
account_positioning_contrarian,SOL-USDT-SWAP,24,0.05812675322576481,1.9390317423690622,1111
account_positioning_contrarian,SOL-USDT-SWAP,72,0.06482519549267052,1.246771816958287,370
account_positioning_contrarian,SOL-USDT-SWAP,168,0.05711292934861433,0.7161540375155996,158
funding_contrarian,SOL-USDT-SWAP,4,0.00614923728974193,0.5671424467569497,8508
funding_contrarian,SOL-USDT-SWAP,24,-0.007315484522933509,-0.2752874061475257,1418
funding_contrarian,SOL-USDT-SWAP,72,0.010274132413388794,0.22290756226691574,472
funding_contrarian,SOL-USDT-SWAP,168,-0.02711349317835641,-0.3841313037268128,202
