symbol,direction,entry_ts,exit_ts,entry_price,exit_price,qty,gross_pnl,fees,funding,net_pnl,r_multiple,exit_reason,bars_held,is_cascade
BTC-USDT-SWAP,-1,2025-01-01 00:15:00+00:00,2025-01-02 01:00:00+00:00,93768.25878272425,95546.19703627794,62.92341943154235,-976.2173504024881,89.73761848025914,-16.958357406694837,-1048.9966114760525,-1.0490530350337346,stop,99,False
BTC-USDT-SWAP,-1,2025-01-03 01:15:00+00:00,2025-01-03 16:15:00+00:00,96746.0,98396.3043369085,18.73679602684586,-306.35348891626575,12.842147223350741,-2.7509005717074917,-316.444735567909,-1.0390845596061682,stop,60,False
ETH-USDT-SWAP,1,2025-01-04 00:30:00+00:00,2025-01-05 00:30:00+00:00,3616.935431705308,3658.854809054216,75.61034626608414,316.94535252947577,19.4481446958111,8.181918181451655,289.31528965221304,0.6020718944415612,signal,96,False
BTC-USDT-SWAP,-1,2025-01-05 00:45:00+00:00,2025-01-06 02:00:00+00:00,98281.52416135064,99335.08033217688,29.917287929180745,-316.0246569042189,20.88529495839531,-7.6455462407259045,-329.26440562188833,-1.1473564851175222,stop,101,False
SOL-USDT-SWAP,1,2025-01-01 00:15:00+00:00,2025-01-07 00:30:00+00:00,210.1007044370504,218.55887809248455,197.21953986380683,2152.958357144493,79.7373900637132,4.356578294359629,2068.8643887864205,2.1054044695186587,signal,577,False
BTC-USDT-SWAP,1,2025-01-07 00:30:00+00:00,2025-01-07 11:30:00+00:00,102302.40281491392,100873.84533638111,87.69973536705506,-1251.4950739908413,62.3465690762076,7.929679417757578,-1321.7713224848064,-1.3134076593574673,stop,44,False
SOL-USDT-SWAP,1,2025-01-08 00:30:00+00:00,2025-01-08 03:45:00+00:00,202.4968350138725,197.13383639853538,172.52234477262286,-925.2370961302895,23.99204160187462,0.0,-949.2291377321641,-1.056757462361949,stop,13,False
SOL-USDT-SWAP,1,2025-01-09 04:00:00+00:00,2025-01-09 13:30:00+00:00,193.2803567548859,187.7142560970085,244.91046683099788,-1339.9942301437375,37.57681112516523,3.7577731534199215,-1381.3288144223227,-1.398582531348966,stop,38,False
SOL-USDT-SWAP,-1,2025-01-10 00:30:00+00:00,2025-01-10 07:30:00+00:00,189.65894570679433,193.17756158169914,604.5942535344669,-2253.5321315446313,95.57852627344278,0.0,-2349.1106578180743,-2.403131758757572,stop,28,False
ETH-USDT-SWAP,-1,2025-01-07 00:45:00+00:00,2025-01-11 00:30:00+00:00,3339.3919115416643,3268.7647791541463,84.20532179853743,2107.206535623626,33.316065904191746,-10.828335646473194,2084.7188053659074,3.6824542440767276,signal,383,False
SOL-USDT-SWAP,-1,2025-01-11 07:45:00+00:00,2025-01-11 21:45:00+00:00,188.27071839447376,192.03859398798045,449.8541819532789,-1719.4915906265812,100.64293628320243,2.832491745454969,-1822.9670186552387,-1.9174449956772692,stop,56,False
SOL-USDT-SWAP,-1,2025-01-12 22:15:00+00:00,2025-01-13 00:30:00+00:00,187.71399850575224,190.85882933590477,295.9060049900306,-922.6720591512017,43.65683018767176,-5.641152079129944,-960.6877372597435,-1.0379005105858998,signal,9,False
BTC-USDT-SWAP,1,2025-01-11 00:30:00+00:00,2025-01-13 10:15:00+00:00,94140.79751747516,92265.25989875151,72.2210450851584,-1119.2713850834452,180.23386754569822,15.25941663378056,-1314.764669262924,-1.358903261298209,stop,231,False
ETH-USDT-SWAP,-1,2025-01-13 00:45:00+00:00,2025-01-15 00:30:00+00:00,3207.1038106665533,3237.932480194415,158.51669625912635,1100.0737344161325,72.42956798362832,-5.78008097334507,1033.4242474058494,1.096953978670497,signal,191,False
SOL-USDT-SWAP,-1,2025-01-15 00:45:00+00:00,2025-01-15 13:30:00+00:00,188.55606002216334,193.04579010719382,346.2183867457752,-646.3340192252044,83.18671929516049,3.070775740847224,-732.5915142612122,-0.7960665908154253,stop,51,False
ETH-USDT-SWAP,1,2025-01-16 00:30:00+00:00,2025-01-16 08:30:00+00:00,3416.74029600237,3336.093079163677,137.3315366694786,-1114.592326846122,34.13960707533077,3.770250801561267,-1152.5021847230141,-1.2264826501340695,stop,32,False
ETH-USDT-SWAP,-1,2025-01-17 00:30:00+00:00,2025-01-17 08:45:00+00:00,3331.4117100385242,3404.2400180292557,177.52754345294312,-1305.8589350396428,43.85066960195711,-6.002800243980511,-1343.7068043976194,-1.445165554124521,stop,33,False
BTC-USDT-SWAP,1,2025-01-14 10:30:00+00:00,2025-01-19 00:30:00+00:00,102440.4595644096,104270.19876645363,51.06320039256317,2012.5187134926882,115.9575955866833,18.980779131356655,1877.5803387746482,2.279275133727062,signal,440,False
ETH-USDT-SWAP,-1,2025-01-19 00:45:00+00:00,2025-01-19 15:00:00+00:00,3338.679039990447,3416.614906518205,186.71362075772706,-638.3520357785702,96.96149519645515,-2.2440630063839015,-733.0694679686414,-0.773906773967891,stop,57,False
ETH-USDT-SWAP,-1,2025-01-20 15:15:00+00:00,2025-01-26 00:30:00+00:00,3337.602604899387,3318.83,72.81447004286302,817.9873327501865,102.06360993182597,-23.324819949890088,739.2485427682507,0.7833302356946079,signal,517,False
SOL-USDT-SWAP,1,2025-01-18 00:45:00+00:00,2025-01-26 00:45:00+00:00,252.00230416850422,256.07,188.9074292863241,3630.96393817083,113.92429051751523,-0.9080884580486309,3517.947736111363,3.862968675847801,signal,768,False
ETH-USDT-SWAP,1,2025-01-26 00:30:00+00:00,2025-01-26 23:15:00+00:00,3328.2613533510566,3250.8019681755873,118.42907672268842,-763.8456928354248,46.553538382643985,5.052912344137825,-815.4521435622065,-1.0438684636398903,stop,91,False
BTC-USDT-SWAP,1,2025-01-27 00:30:00+00:00,2025-01-27 01:00:00+00:00,102841.19152208747,101538.86735463802,25.857039373385703,-336.7424727465217,18.44580993237435,0.0,-355.18828267889603,-1.0759214297382582,stop,2,False
SOL-USDT-SWAP,-1,2025-01-26 00:45:00+00:00,2025-01-28 00:30:00+00:00,238.57436211169693,235.66130363962154,128.30251994547842,1427.8133247310113,55.902858637135566,-2.5619640373028463,1374.4724301311787,1.4394862464571743,signal,191,False
ETH-USDT-SWAP,-1,2025-01-28 00:30:00+00:00,2025-01-30 00:30:00+00:00,3143.1802156915264,3102.883234851915,135.00963748987215,869.5894952275395,90.6162853800604,-7.925909425926641,786.8991192734057,0.8197219751439059,signal,192,False
SOL-USDT-SWAP,-1,2025-01-30 00:45:00+00:00,2025-01-30 03:45:00+00:00,231.34302438919607,240.4752301034226,160.86960427829686,-1458.7062501619778,26.780595675305037,0.0,-1485.4868458372828,-1.5413133027961536,stop,12,False
BTC-USDT-SWAP,1,2025-01-28 01:15:00+00:00,2025-02-01 00:30:00+00:00,103183.9778371161,102223.99079221893,41.4111658934952,139.42764393648446,76.30547780072337,22.1127950326457,41.00937110311539,0.06131400187820324,signal,381,False
ETH-USDT-SWAP,1,2025-02-01 00:45:00+00:00,2025-02-01 19:15:00+00:00,3305.00341392522,3218.227378344934,128.2644239102153,-1132.1585820600517,40.94512511494223,5.521010985326471,-1178.6247181603203,-1.2313141840376494,stop,74,False
BTC-USDT-SWAP,1,2025-02-02 00:30:00+00:00,2025-02-02 03:15:00+00:00,101145.29999999999,99645.90306534294,15.489684137660387,-232.25184914813946,10.850835318488237,0.0,-243.1026844666277,-1.0646389691219706,stop,11,False
SOL-USDT-SWAP,-1,2025-01-31 04:15:00+00:00,2025-02-04 00:30:00+00:00,208.82246724431747,216.29511885554416,137.7454525722211,1590.8916209921936,59.58288462909521,6.562182769138816,1524.7465535939596,1.6105639445309687,signal,369,False
BTC-USDT-SWAP,1,2025-02-04 00:45:00+00:00,2025-02-04 05:30:00+00:00,101379.20700316339,98370.06377637922,35.989571547564026,-1082.0278553939188,28.42544166386857,0.0,-1110.4532970577873,-1.155751287071151,stop,19,False
BTC-USDT-SWAP,1,2025-02-05 05:45:00+00:00,2025-02-06 00:30:00+00:00,97804.22635869308,96611.554276175,22.13973485143699,-178.22968011941364,15.205382649902973,1.5602158456195998,-194.99527861493624,-0.31288674617002366,signal,75,False
SOL-USDT-SWAP,1,2025-02-06 00:45:00+00:00,2025-02-06 23:30:00+00:00,197.89920159251113,187.54284784757633,123.30904338756518,-1094.7544281612195,29.120543014008867,1.356567250640056,-1125.2315384258684,-1.187993014276885,stop,91,False
BTC-USDT-SWAP,1,2025-02-07 00:30:00+00:00,2025-02-09 00:30:00+00:00,96637.76843084561,96371.13181632642,28.08054868752902,-96.94824491359373,22.652238649586025,2.613458190946594,-122.21394175412634,-0.363081539171705,signal,192,False
SOL-USDT-SWAP,1,2025-02-09 01:00:00+00:00,2025-02-09 21:45:00+00:00,199.26666053854902,193.75260032677772,233.38180781851864,-1007.7285205153639,81.48275093581474,-6.834161164550342,-1082.3771102866283,-1.1564471172129773,stop,83,False
SOL-USDT-SWAP,1,2025-02-10 22:00:00+00:00,2025-02-12 00:30:00+00:00,198.09353834385698,197.17456067215699,236.6639493720339,-101.54593958728913,85.90696572154359,-22.72997659419056,-164.72292871464217,-0.177670855274321,signal,106,False
BTC-USDT-SWAP,1,2025-02-12 00:45:00+00:00,2025-02-12 13:30:00+00:00,95931.06712529033,94383.6294699407,33.623971714861064,-518.4336655790695,22.319867580390866,1.5873167839687305,-542.3408499434291,-1.0636568905757358,stop,51,False
BTC-USDT-SWAP,1,2025-02-13 13:45:00+00:00,2025-02-14 00:30:00+00:00,96018.5051248995,96843.54141409537,65.40778321968388,520.102826187074,79.39492139378387,2.1367685453874237,438.5711362479027,0.46929088667729224,signal,43,False
ETH-USDT-SWAP,-1,2025-02-03 00:30:00+00:00,2025-02-15 00:30:00+00:00,2715.000865522601,2712.1800000000003,87.74498956952323,2303.561583452004,152.47544383011868,-0.9648335688221377,2152.0509731907073,2.2456905436568224,signal,1152,False
SOL-USDT-SWAP,1,2025-02-14 00:45:00+00:00,2025-02-15 00:30:00+00:00,198.64148518723178,197.13095665208638,156.80830186558907,505.33129302166327,48.87755338779759,4.888702483824303,451.56503715004135,0.48927481962997216,signal,95,False
BTC-USDT-SWAP,-1,2025-02-15 00:45:00+00:00,2025-02-16 00:30:00+00:00,97413.20000000001,97734.06491218474,38.46927225011649,-123.83876209416702,26.293823761932423,-3.8915618849034557,-146.24102397119597,-0.23960697796852595,signal,95,False
ETH-USDT-SWAP,1,2025-02-15 00:30:00+00:00,2025-02-17 05:00:00+00:00,2693.8653622467255,2636.8244438359757,211.62404462755123,-1015.9369539232603,164.23999179275842,9.856868015577202,-1190.033813731596,-1.2646342781268567,stop,210,False
ETH-USDT-SWAP,1,2025-02-18 05:15:00+00:00,2025-02-18 17:15:00+00:00,2682.595740929158,2626.9608766053566,226.72398541670188,-1119.2545300701845,94.43238923468365,2.0663871256911497,-1215.7533064305592,-1.2841081931220781,stop,48,False
ETH-USDT-SWAP,1,2025-02-19 17:30:00+00:00,2025-02-21 00:30:00+00:00,2728.156467292548,2737.7258271139312,144.81354497919062,601.4732506315228,77.23995837546344,4.334453053394414,519.8988392026649,0.5557153200815396,signal,124,False
BTC-USDT-SWAP,1,2025-02-21 00:45:00+00:00,2025-02-21 17:45:00+00:00,98227.22693787394,96889.3859751304,80.77376757349684,-647.9451858482489,152.82067792841616,1.596156391236061,-802.3620201679012,-0.8526308788139525,stop,68,False
ETH-USDT-SWAP,1,2025-02-22 00:45:00+00:00,2025-02-24 22:00:00+00:00,2654.1624543819753,2590.65778398542,208.57355078105635,-970.4193054526373,134.65770514453877,4.200031499454592,-1109.2770420966306,-1.1879599781026997,stop,277,False
ETH-USDT-SWAP,-1,2025-02-25 00:30:00+00:00,2025-02-26 00:30:00+00:00,2476.3183526417943,2483.94,110.63719059141997,535.7528507569237,51.85863764095493,-0.7930942271002401,484.68730734306905,0.5211172216405102,signal,96,False
SOL-USDT-SWAP,-1,2025-02-16 00:45:00+00:00,2025-02-26 00:30:00+00:00,169.18108413473902,143.63162368802554,267.0860155667326,2867.223363374416,84.31873563425711,8.60281692818152,2774.301810811977,3.0160603946615248,signal,959,False
ETH-USDT-SWAP,1,2025-02-26 00:30:00+00:00,2025-02-26 14:15:00+00:00,2473.218295249486,2372.1160517558237,124.7822907351568,-1223.9744958009017,38.57970420876944,1.268392196026736,-1263.822592205698,-1.3534993866498428,stop,55,False
SOL-USDT-SWAP,-1,2025-02-27 00:30:00+00:00,2025-02-28 00:30:00+00:00,138.01676942376486,137.00109234325734,191.56705313465824,170.57143335341436,45.12208478037262,-5.187210307268378,130.63655888031013,0.14171377467408,signal,96,False
ETH-USDT-SWAP,1,2025-02-28 00:45:00+00:00,2025-02-28 01:30:00+00:00,2306.561536644143,2210.0154046724033,83.04490492149863,-801.766435013158,13.007489627927326,0.0,-814.7739246410853,-1.0376632498648257,stop,3,False
SOL-USDT-SWAP,1,2025-03-01 00:30:00+00:00,2025-03-01 11:00:00+00:00,143.85411504215753,139.45874788697273,311.7403184381651,-1553.9770158516458,57.4335296115846,3.7009315573678316,-1615.1114770205982,-1.7602731601227253,stop,42,False
BTC-USDT-SWAP,-1,2025-02-26 00:45:00+00:00,2025-03-02 00:30:00+00:00,85058.80613822593,85999.7268821616,59.77652712965094,1143.6719720410088,124.04986021366334,-7.934849430693464,1027.5569612580389,1.099363880922686,signal,383,False
ETH-USDT-SWAP,-1,2025-03-02 00:30:00+00:00,2025-03-02 15:30:00+00:00,2234.046732187453,2291.9590611614444,233.3444425957057,-967.2836783142174,80.1560755865005,-1.8081855992069127,-1045.6315683015112,-1.1501948626448066,stop,60,False
SOL-USDT-SWAP,1,2025-03-02 11:15:00+00:00,2025-03-04 01:30:00+00:00,142.79992247584093,138.02315263390338,358.5714680797632,1664.3962670189794,88.24926268260018,-2.17802279297396,1578.3250271293532,1.770067759393582,stop,153,False
SOL-USDT-SWAP,1,2025-03-05 01:45:00+00:00,2025-03-06 00:30:00+00:00,143.1948920752631,145.13278285990293,131.3334186506657,341.29949394157074,30.311151657831417,-1.8813224420455221,312.86966472578484,0.34173714189469273,signal,91,False
BTC-USDT-SWAP,1,2025-03-06 00:45:00+00:00,2025-03-07 00:15:00+00:00,89792.28109581933,87048.27512959836,49.42677785890623,-518.3300526794648,73.47403498479693,2.6124626408371077,-594.4165503050988,-0.6422096281490977,stop,94,False
ETH-USDT-SWAP,-1,2025-03-03 16:00:00+00:00,2025-03-09 00:30:00+00:00,2188.886227246908,2208.3435302196403,117.39454807982625,1246.218737740358,85.58143303934115,-4.231836108422366,1164.8691408094392,1.2524075255144957,signal,514,False
BTC-USDT-SWAP,1,2025-03-08 00:30:00+00:00,2025-03-09 14:00:00+00:00,86200.93124156455,83103.83568879846,32.04011526897629,-989.7608535581456,43.87908585857369,0.4949902617494253,-1034.1349296784688,-1.1160833144123508,stop,150,False
BTC-USDT-SWAP,-1,2025-03-10 00:30:00+00:00,2025-03-10 09:15:00+00:00,80604.85131717248,82834.78394317548,32.58218404016543,-735.0022374244039,19.284145399435417,-0.34823744323896705,-753.9381453806003,-1.0358113048870257,stop,35,False
BTC-USDT-SWAP,1,2025-03-11 00:30:00+00:00,2025-03-11 08:30:00+00:00,77314.09999999999,80947.51395029316,14.528820227956201,516.548898199564,8.12125306900338,0.36685637894998196,508.0607887516106,1.1897247287449404,signal,32,False
SOL-USDT-SWAP,-1,2025-03-09 00:45:00+00:00,2025-03-12 00:30:00+00:00,126.02089997676967,125.59026422319661,253.58051252701466,1458.6315224970456,50.74003956742196,0.36983341201678044,1407.5216495176069,1.5510619932525744,signal,287,False
BTC-USDT-SWAP,1,2025-03-12 00:45:00+00:00,2025-03-14 00:30:00+00:00,82746.11137093915,81261.96720540195,40.83125941880839,-294.848496317986,74.58106902006553,6.426353057624009,-375.85591839567553,-0.4057852739375438,signal,191,False
SOL-USDT-SWAP,1,2025-03-14 00:45:00+00:00,2025-03-17 00:30:00+00:00,128.5681001264191,126.84548082670102,213.68756396039092,631.9324480439318,50.81243502730766,2.9797306241744517,578.1402823924498,0.6354973288233864,signal,287,False
BTC-USDT-SWAP,1,2025-03-17 00:45:00+00:00,2025-03-18 13:30:00+00:00,83315.51336928901,81475.65850509121,58.21502442450967,-856.0011519454237,61.64239240160781,4.338222460082515,-921.981766807114,-1.6310942493949898,stop,147,False
ETH-USDT-SWAP,-1,2025-03-11 08:45:00+00:00,2025-03-19 01:00:00+00:00,1912.22767798911,1945.5900000000001,157.21808840721133,394.3209797350914,175.78562646721838,-10.435691194053248,228.97104446192625,0.26071559454611265,signal,737,False
BTC-USDT-SWAP,-1,2025-03-19 00:30:00+00:00,2025-03-19 14:00:00+00:00,82900.16116101558,84398.54072227418,59.66942687399695,-873.8343346747531,40.86890968942665,-2.9509968090973264,-911.7522475550825,-1.0577148686667406,stop,54,False
SOL-USDT-SWAP,-1,2025-03-20 00:30:00+00:00,2025-03-24 08:15:00+00:00,134.66332582871033,139.68591820502877,304.40839728232294,-787.1052961539211,83.54884026876744,-4.800966913374918,-865.8531695093136,-0.9576462932435035,stop,415,False
ETH-USDT-SWAP,1,2025-03-19 01:00:00+00:00,2025-03-26 00:30:00+00:00,2051.000011173044,2071.4,228.6540408724651,2088.283031909699,192.30368818682373,11.721832855490048,1884.257510867385,2.2131764168676917,signal,670,False
SOL-USDT-SWAP,1,2025-03-25 00:30:00+00:00,2025-03-26 18:00:00+00:00,139.93791323560285,137.6340143390594,606.0688815547148,-952.7829601896798,147.54146480233203,-10.728084821568196,-1089.5963401704435,-1.4616315444478571,stop,166,False
SOL-USDT-SWAP,1,2025-03-27 18:15:00+00:00,2025-03-28 04:30:00+00:00,137.54167977259854,133.90384925159904,345.54224611832154,-1146.2331700915092,59.0835288581969,-0.9151743965992211,-1204.4015245531068,-1.339203125824405,stop,41,False
BTC-USDT-SWAP,-1,2025-03-29 00:30:00+00:00,2025-03-30 00:30:00+00:00,83304.61245385864,82626.61678238408,47.041157191644,841.7321516525503,57.23071922178411,-3.624457239937093,788.1258896707034,1.2686457786323824,signal,96,False
BTC-USDT-SWAP,1,2025-03-30 00:30:00+00:00,2025-03-30 16:30:00+00:00,82651.67497411536,82629.87150514395,23.63873374986998,-5.154063978387444,31.47803814442171,0.9713685574202705,-37.60347068022942,-0.13810940600424212,signal,64,False
SOL-USDT-SWAP,-1,2025-03-30 16:45:00+00:00,2025-03-31 00:30:00+00:00,124.60830670162838,124.22,231.49827223253394,89.19823295079897,18.81051700802962,6.587954868772679,63.79976107399667,0.08627084943816125,signal,31,False
SOL-USDT-SWAP,1,2025-03-31 00:30:00+00:00,2025-03-31 08:30:00+00:00,124.61262383548974,126.09070186697608,363.5735830158519,656.2709072886728,48.137945965400434,-0.17204673174764182,608.30500805502,0.6436154015834399,signal,32,False
BTC-USDT-SWAP,-1,2025-03-31 08:45:00+00:00,2025-03-31 14:00:00+00:00,82048.65382951575,83397.38032749789,66.54001483952094,-837.9493409805028,48.01006770402377,0.0,-885.9594086845266,-1.0670546602102096,stop,21,False
ETH-USDT-SWAP,-1,2025-03-26 00:30:00+00:00,2025-04-02 00:30:00+00:00,1886.5583449880298,1898.9717925603038,210.47430528953268,2010.042992074483,101.50762329143713,-5.249516521344571,1913.7848853043904,2.1604291602640746,signal,672,False
SOL-USDT-SWAP,-1,2025-04-02 00:45:00+00:00,2025-04-02 15:30:00+00:00,127.8036526945619,130.5470274309784,641.304059142567,-1457.700966576251,83.08848585129441,2.6447131440633007,-1543.4341655716084,-1.6953153603479278,stop,59,False
BTC-USDT-SWAP,1,2025-04-01 00:30:00+00:00,2025-04-03 00:30:00+00:00,83694.43372007602,83021.85485599283,64.76917344291827,682.8993978149316,105.18619089985424,5.212152465880589,572.5010544491968,0.8042463307518342,signal,192,False
ETH-USDT-SWAP,-1,2025-04-03 00:30:00+00:00,2025-04-04 00:30:00+00:00,1801.3119346546484,1821.0744961663077,256.5239754167711,120.00426545880151,67.55838514454173,-3.4253270380180307,55.871207352277814,0.06111855751371017,signal,96,False
SOL-USDT-SWAP,-1,2025-04-03 16:00:00+00:00,2025-04-04 09:30:00+00:00,117.57620468374033,119.60688740163626,837.5210972050821,-1770.3205898717217,117.1057180888196,17.304951780713747,-1904.7312597412551,-2.111469556411321,stop,70,False
ETH-USDT-SWAP,-1,2025-04-05 00:30:00+00:00,2025-04-06 00:30:00+00:00,1804.9016762812867,1809.027497238685,172.86917230298016,186.55086614531615,44.38318409825733,-2.00471462481434,144.17239667187314,0.15944019227642048,signal,96,False
BTC-USDT-SWAP,1,2025-04-04 00:45:00+00:00,2025-04-06 17:30:00+00:00,82782.57979326944,81464.41112867447,90.13417158702549,-298.9064215028749,296.1675145211615,13.789711131541832,-608.8636471555782,-0.6666658814171322,stop,259,False
SOL-USDT-SWAP,-1,2025-04-06 00:45:00+00:00,2025-04-08 00:30:00+00:00,109.10597487911024,106.79700351767032,282.36477859808474,1699.382423710948,42.71942833320613,-0.713680070926074,1657.3766754486678,1.8794098706003037,signal,191,False
BTC-USDT-SWAP,1,2025-04-08 00:45:00+00:00,2025-04-08 19:30:00+00:00,79247.03040485283,76397.04025856507,40.15108357813778,-1003.7854642721902,47.44463832576261,1.8096686812746303,-1053.0397712792274,-1.1435794854702346,stop,75,False
BTC-USDT-SWAP,-1,2025-04-09 00:30:00+00:00,2025-04-09 17:15:00+00:00,76954.89909602072,79219.08646606331,48.46520391946038,-803.1601949293257,67.76923071507665,-1.7491906783362636,-869.1802349660661,-0.94541033229298,stop,67,False
ETH-USDT-SWAP,-1,2025-04-07 00:30:00+00:00,2025-04-09 18:00:00+00:00,1601.0800743576374,1644.6545634434917,375.2150975376366,625.4833829887657,168.13075232270316,1.4513105859987672,455.9013200800637,0.5031583757124227,stop,262,False
SOL-USDT-SWAP,1,2025-04-10 00:30:00+00:00,2025-04-10 15:15:00+00:00,114.8417670564743,111.75077952774843,403.3270467544718,-1412.3888430143727,58.13255329120822,3.4433733969973557,-1473.9647697025785,-1.6770513782359202,stop,59,False
ETH-USDT-SWAP,-1,2025-04-10 18:15:00+00:00,2025-04-11 17:30:00+00:00,1554.840147179819,1591.3393162785196,312.4387903008762,-1542.6616238382126,82.21684641266322,2.3977389622680167,-1627.2762092131438,-1.855154366777329,stop,93,False
SOL-USDT-SWAP,1,2025-04-11 15:30:00+00:00,2025-04-12 00:30:00+00:00,119.73400452728474,121.37596593733763,176.1952663824237,420.79681607656585,22.142111910892336,2.685809871363245,395.9688942943103,0.4640936574094852,signal,36,False
BTC-USDT-SWAP,1,2025-04-12 00:30:00+00:00,2025-04-13 00:30:00+00:00,84082.78661414629,85066.37543647857,59.762129162892634,664.5429520802186,62.579936117214125,3.768314063544595,598.1947018994598,0.6909610512152089,signal,96,False
SOL-USDT-SWAP,1,2025-04-13 01:00:00+00:00,2025-04-13 07:30:00+00:00,131.59017042242186,128.10116644239292,363.03659335696346,-1248.307585774744,46.33682929610567,0.0,-1294.6444150708496,-1.5185980324753288,stop,26,False
ETH-USDT-SWAP,-1,2025-04-12 18:00:00+00:00,2025-04-14 11:00:00+00:00,1630.6947259317426,1688.7633342529627,199.38787545509066,-421.43959213814514,91.76431807571434,-6.836988749234122,-506.3669214646253,-0.582332906589634,stop,164,False
SOL-USDT-SWAP,1,2025-04-14 07:45:00+00:00,2025-04-15 22:45:00+00:00,129.90208536866703,126.22929529627375,313.8086145952051,-521.6092377025415,131.6763065549519,-8.796294342304474,-644.4892499151889,-0.7596946791359235,stop,156,False
SOL-USDT-SWAP,1,2025-04-16 23:00:00+00:00,2025-04-22 00:30:00+00:00,136.86135523207804,136.58460752707276,281.7018467346825,1109.533499155326,90.93270318071455,-11.107112117855888,1029.7079080924673,1.2254234686101688,signal,486,False
ETH-USDT-SWAP,-1,2025-04-15 11:15:00+00:00,2025-04-22 14:45:00+00:00,1625.0410262680443,1680.0353791529312,225.39956354283515,-45.79129328435283,193.67535431799124,-10.358628351160965,-229.1080192511831,-0.28413707223862744,stop,686,False
ETH-USDT-SWAP,-1,2025-04-23 15:00:00+00:00,2025-04-24 00:30:00+00:00,1788.1128385891866,1786.1507201847967,96.52236068482746,16.7933922895768,12.241338445388234,-3.4093898501754287,7.961443694363996,0.013268352738958999,signal,38,False
SOL-USDT-SWAP,-1,2025-04-24 01:00:00+00:00,2025-04-25 07:45:00+00:00,149.3859845151388,154.99210808516082,152.6813852252502,-657.5923327287223,27.517601056631317,-4.98883552440233,-680.1210982609513,-1.0114307809546874,stop,123,False
BTC-USDT-SWAP,1,2025-04-22 00:45:00+00:00,2025-04-29 00:30:00+00:00,93759.6991724617,94999.8693649034,57.90446211984442,2035.4683292621005,93.52491252827133,-2.7320397867498096,1944.6754565205788,2.681875953839451,signal,671,False
ETH-USDT-SWAP,1,2025-04-29 00:45:00+00:00,2025-04-30 13:15:00+00:00,1788.1422173325604,1756.5205601589062,442.5314271670945,-1025.8649583929246,159.37406078067892,-1.4812295493605219,-1183.757789624243,-1.3521115826280568,stop,146,False
BTC-USDT-SWAP,1,2025-05-01 00:30:00+00:00,2025-05-05 00:30:00+00:00,95158.95791059665,94665.17444838052,64.32721927109937,510.5261049581646,152.02748682309874,-6.380270051123631,364.87888818618944,0.42042937629287525,signal,384,False
ETH-USDT-SWAP,1,2025-05-05 01:00:00+00:00,2025-05-05 01:30:00+00:00,1810.8650764014096,1784.8279004140495,482.90599589230055,-1257.350840039923,60.58475680021472,0.0,-1317.9355968401378,-1.5016425003808618,stop,2,False
ETH-USDT-SWAP,1,2025-05-06 01:45:00+00:00,2025-05-06 11:30:00+00:00,1795.107771342044,1771.9013952560717,566.9088954994917,-1346.422991767597,126.96362687014428,-0.8806204079341586,-1472.5059982298071,-1.7009633860099178,stop,39,False
BTC-USDT-SWAP,1,2025-05-07 00:30:00+00:00,2025-05-07 18:00:00+00:00,96671.76531669582,95955.54947244895,181.45084226063452,-1054.16978644736,387.7479214041866,1.1707997636595464,-1443.088507615206,-1.6979412418239181,stop,70,False
SOL-USDT-SWAP,-1,2025-04-26 08:00:00+00:00,2025-05-08 12:30:00+00:00,152.77806738900284,155.55490902484777,597.5868978715924,378.818360901651,384.671170966413,11.051637250885527,-16.904447315647552,-0.021641209432510713,stop,1170,False
BTC-USDT-SWAP,1,2025-05-08 18:15:00+00:00,2025-05-10 00:30:00+00:00,102669.2774173621,102854.5720500532,62.403772767151615,821.788585425967,91.18529236772864,8.402420172104094,722.2008728861342,0.8834975363405932,signal,121,False
SOL-USDT-SWAP,1,2025-05-10 00:45:00+00:00,2025-05-12 00:30:00+00:00,171.89693363133554,174.90699190349886,193.5769380040858,818.3247073564708,94.19966849123803,10.18116248250591,713.9438763827268,0.8675108288844341,signal,191,False
BTC-USDT-SWAP,-1,2025-05-12 00:45:00+00:00,2025-05-12 07:00:00+00:00,104297.90000000001,105747.13882779842,24.05563567311349,-348.623612448487,17.73697779332001,0.0,-366.360590241807,-1.069491268633375,stop,25,False
BTC-USDT-SWAP,-1,2025-05-13 07:15:00+00:00,2025-05-13 19:15:00+00:00,102677.0095953394,104457.84152103566,41.85289915640587,-741.9542651030298,30.704929957142774,-7.402989511884149,-765.2562055482884,-1.0428555201173366,stop,48,False
SOL-USDT-SWAP,1,2025-05-14 00:30:00+00:00,2025-05-14 15:00:00+00:00,181.79796250402407,176.0004498370921,162.4103954927226,-877.9365449671009,33.86614476385609,2.7003040540399437,-914.502993784997,-1.1032707463724303,stop,58,False
BTC-USDT-SWAP,-1,2025-05-15 00:30:00+00:00,2025-05-17 00:30:00+00:00,102870.06257439445,103300.59440641421,33.14294384476506,178.52379290660227,43.29635963668208,-7.965872518440677,143.19330578836087,0.3121299222952604,signal,192,False
ETH-USDT-SWAP,1,2025-05-09 00:30:00+00:00,2025-05-18 00:30:00+00:00,2518.698720308249,2476.0028340582867,113.45142157728004,1856.8843167998982,58.12767193927616,11.40010851833891,1787.3565363422833,2.1723009098038233,signal,864,False
SOL-USDT-SWAP,-1,2025-05-17 00:45:00+00:00,2025-05-18 13:30:00+00:00,168.33081460533236,172.12161059167815,343.5397059896084,-943.7703014609622,136.8114734667418,-6.7254174099818815,-1073.856357517722,-1.3145527251717923,stop,147,False
BTC-USDT-SWAP,1,2025-05-18 00:45:00+00:00,2025-05-19 06:30:00+00:00,103938.92515007187,102122.42441053198,75.47143980062803,-931.1280334488332,77.07507479372528,5.70431144021398,-1013.9074196827725,-3.032921495007788,stop,119,False
ETH-USDT-SWAP,-1,2025-05-19 00:30:00+00:00,2025-05-19 17:00:00+00:00,2463.9310100712114,2542.01825075228,180.21589822912964,-1092.2374518247952,51.46279386449947,-3.398764034610326,-1140.3014816546843,-1.3808989640906093,stop,66,False
SOL-USDT-SWAP,-1,2025-05-20 00:30:00+00:00,2025-05-21 15:00:00+00:00,169.3870208254269,173.27348097747395,281.7798595698949,-535.7952576733103,129.40940984795324,-6.745248500309239,-658.4594190209543,-0.8394782480791597,stop,154,False
ETH-USDT-SWAP,-1,2025-05-22 00:30:00+00:00,2025-05-22 08:15:00+00:00,2589.6939113702097,2671.051887153776,139.01619462749397,-1166.2630818982543,33.35900091300305,-3.6651030507715743,-1195.9569797604856,-1.4861381769720006,stop,31,False
ETH-USDT-SWAP,-1,2025-05-23 08:30:00+00:00,2025-05-26 00:30:00+00:00,2549.482749636389,2544.638315012672,87.18122730596077,953.3584442010451,30.665981671572663,-2.943298249767465,925.63576077924,1.175301915702811,signal,256,False
SOL-USDT-SWAP,-1,2025-05-26 00:45:00+00:00,2025-05-27 00:30:00+00:00,176.29782826401987,174.58266453997769,215.93681240599696,646.2694533398959,71.5010693180435,-1.6867181123284944,576.455102134181,0.7324053025692082,signal,95,False
ETH-USDT-SWAP,-1,2025-05-27 00:45:00+00:00,2025-05-27 06:15:00+00:00,2551.39872794831,2608.7790130845788,128.9181388423751,-652.1300379527859,30.031860375332563,0.0,-682.1618983281185,-0.9680491503483096,stop,22,False
BTC-USDT-SWAP,1,2025-05-20 06:45:00+00:00,2025-05-28 00:45:00+00:00,109029.5143299513,108991.90000000001,48.3120631595927,1692.7602728932764,204.86525911368255,31.742248902837186,1456.1527648767565,1.8219683471068147,signal,744,False
ETH-USDT-SWAP,1,2025-05-28 00:30:00+00:00,2025-05-30 00:45:00+00:00,2644.1457284088206,2584.152338121908,210.55265995124975,1.625482876404135,224.05824151720503,18.59598984408943,-241.02874848489034,-0.3006075852479328,stop,193,False
BTC-USDT-SWAP,-1,2025-05-28 00:45:00+00:00,2025-06-01 00:30:00+00:00,105085.35873627037,104326.58876374888,46.56834561263292,1317.9293102090357,112.4421214962794,-10.828087853694877,1216.315276566451,2.2804791227822188,signal,383,False
SOL-USDT-SWAP,-1,2025-05-31 00:30:00+00:00,2025-06-03 01:15:00+00:00,156.92989877570113,160.41632831007888,519.8977856507872,-391.30996545453854,254.4074034876943,2.066453344981354,-647.7838222872142,-0.8129886217570607,stop,291,False
ETH-USDT-SWAP,1,2025-06-01 00:45:00+00:00,2025-06-05 20:15:00+00:00,2547.3872161872655,2461.0196330772733,223.48688344754424,-213.42260875508873,211.66642645775585,15.490524744819576,-440.5795599576642,-0.5414247654402843,stop,462,False
BTC-USDT-SWAP,1,2025-06-06 00:45:00+00:00,2025-06-06 08:30:00+00:00,101888.52247967152,103345.18054756185,34.03624169597772,529.9979489375021,27.794055051857832,-0.8695155918586985,503.073409477503,0.9497395905499518,signal,31,False
ETH-USDT-SWAP,-1,2025-06-06 08:45:00+00:00,2025-06-07 00:30:00+00:00,2475.5344759021687,2468.9731154178667,174.34791742083962,11.134865453996753,47.268684737723135,-4.25822252559705,-31.875596758129333,-0.039019916448689726,signal,63,False
SOL-USDT-SWAP,-1,2025-06-04 01:30:00+00:00,2025-06-09 23:30:00+00:00,157.69938657028538,161.21237130412968,394.85827393074635,-622.8882391304525,156.51591577963913,-4.35487348111097,-775.0492814289806,-0.9687334757109769,stop,568,False
ETH-USDT-SWAP,1,2025-06-10 00:30:00+00:00,2025-06-10 06:00:00+00:00,2715.612072771775,2661.8897895077544,170.52781206109242,-917.9021641729627,32.33331257633503,0.0,-950.2354767492977,-1.1715060371503465,stop,22,False
ETH-USDT-SWAP,1,2025-06-11 06:15:00+00:00,2025-06-12 00:30:00+00:00,2783.387828810404,2764.606213157623,187.56329067602468,119.86805985386081,93.71354288048511,6.942588468417005,19.2119285049587,0.023960022221236724,signal,73,False
BTC-USDT-SWAP,1,2025-06-07 00:45:00+00:00,2025-06-13 00:30:00+00:00,105466.16665067268,103861.06623218494,60.302446482238544,261.19019343211403,194.73618610037522,10.053495633291542,56.40051169844727,0.06899689610483954,signal,575,False
ETH-USDT-SWAP,1,2025-06-13 00:45:00+00:00,2025-06-13 02:30:00+00:00,2492.932794590332,2443.0497155581184,263.45691480768534,-1124.9433000393544,56.79449217271221,0.0,-1181.7377922120666,-1.4731498500587656,stop,7,False
SOL-USDT-SWAP,-1,2025-06-12 00:45:00+00:00,2025-06-16 00:30:00+00:00,150.26983651834965,152.26373724436002,159.98289753728622,1125.574863802274,50.310955123983554,-2.6943952226363055,1077.9583039009267,1.3714319042948178,signal,383,False
BTC-USDT-SWAP,-1,2025-06-16 00:45:00+00:00,2025-06-16 05:15:00+00:00,105517.22771072594,106628.608043995,54.996117955250526,-586.6152116261388,43.704009198025965,0.0,-630.3192208241647,-1.0538179927005884,stop,18,False
ETH-USDT-SWAP,1,2025-06-14 02:45:00+00:00,2025-06-17 16:45:00+00:00,2532.2226242044285,2466.453505241814,249.39304865119064,-103.38454828035447,252.69068577044726,13.424034958982272,-369.499269009784,-0.46755974852118454,stop,344,False
SOL-USDT-SWAP,-1,2025-06-17 00:45:00+00:00,2025-06-19 00:30:00+00:00,148.62777738677437,147.10753480297237,555.5267135450657,1137.6875829212424,130.12206410637467,-7.865314139774225,1015.430832954642,1.3064768249255063,signal,191,False
BTC-USDT-SWAP,1,2025-06-19 00:45:00+00:00,2025-06-20 17:00:00+00:00,105187.10778918664,103413.20282202057,52.074828150756375,-690.5529401609795,59.99365631284781,6.353648601146362,-756.9002450749737,-1.419868739419925,stop,161,False
SOL-USDT-SWAP,-1,2025-06-21 01:00:00+00:00,2025-06-23 22:00:00+00:00,139.06342991943694,143.87667454128487,327.77028747853336,-353.53242162532126,103.2034259674474,1.0074156641819605,-457.7432632569506,-0.5884961858557854,stop,276,False
ETH-USDT-SWAP,-1,2025-06-18 00:30:00+00:00,2025-06-27 00:30:00+00:00,2447.2916050277568,2418.394162971162,265.9746891465211,2390.5616157570344,337.6952753826358,-19.533869231206634,2072.400209605605,2.6351771499728125,signal,864,False
SOL-USDT-SWAP,-1,2025-06-27 00:45:00+00:00,2025-06-27 08:45:00+00:00,139.4485664157763,142.46156223599155,411.2502388287305,-1278.9034118923057,49.14561134673653,-0.8185468141027262,-1327.2304764249395,-1.6939708495821806,stop,32,False
BTC-USDT-SWAP,1,2025-06-24 00:30:00+00:00,2025-06-29 00:30:00+00:00,106972.11473512248,107362.24135090459,44.7905372895582,862.7936153708881,143.071924273978,4.8288974360108305,714.8927936608993,0.8980857886552657,signal,480,False
ETH-USDT-SWAP,-1,2025-06-28 00:30:00+00:00,2025-06-29 22:15:00+00:00,2423.1991709514286,2473.708376811753,175.61685910570907,-760.6272912575331,54.884675019470706,-7.633792897349298,-807.8781733796545,-1.0234283016115353,stop,183,False
BTC-USDT-SWAP,1,2025-06-30 00:30:00+00:00,2025-06-30 06:30:00+00:00,108610.79999999999,107813.77886970298,33.39695966640562,-265.5224057897025,25.25813234565748,0.0,-290.78053813535996,-1.1209423677426282,stop,24,False
SOL-USDT-SWAP,1,2025-06-29 01:00:00+00:00,2025-07-01 13:30:00+00:00,151.00351707840437,147.18745680364643,399.949334062983,-225.8673492327157,173.80267898010823,10.988361085309695,-410.6583892981336,-0.5369909387391631,stop,242,False
ETH-USDT-SWAP,-1,2025-07-01 00:30:00+00:00,2025-07-02 16:00:00+00:00,2468.7623458829644,2532.410330108546,219.04977386969765,-848.9431372266498,81.17206478200022,-1.5439481115713174,-928.5712538970787,-1.34106414987353,stop,158,False
ETH-USDT-SWAP,1,2025-07-03 00:30:00+00:00,2025-07-04 14:00:00+00:00,2581.3105625871694,2511.2433707092646,171.72780361517707,104.6971290433313,80.26080220352443,5.048809107997052,19.387517731809815,0.0251113866977079,stop,150,False
SOL-USDT-SWAP,1,2025-07-02 13:45:00+00:00,2025-07-04 16:15:00+00:00,149.7258833365136,145.8699311449343,298.47006157556416,-690.7196954741667,73.88173727963671,1.9601379393485803,-766.5615706931519,-1.2356857305932134,stop,202,False
SOL-USDT-SWAP,1,2025-07-05 16:30:00+00:00,2025-07-06 00:30:00+00:00,146.7320575254817,147.39,256.07215595367984,203.65640365418392,28.946741341488057,-1.0634417025913776,175.77310401528723,0.2554341444364393,signal,32,False
BTC-USDT-SWAP,-1,2025-07-05 00:30:00+00:00,2025-07-06 00:30:00+00:00,108028.0054588648,108168.29936691702,37.44707807287769,-52.535969279805755,28.34360006596748,-3.605656572232018,-77.27391277354121,-0.20049567813329597,signal,96,False
SOL-USDT-SWAP,-1,2025-07-06 00:30:00+00:00,2025-07-06 13:30:00+00:00,147.4321542490988,150.03146042225106,329.882982743305,-828.2962967848122,75.93478398467037,3.6670524701967477,-907.8981332396793,-1.1953989198820036,stop,52,False
SOL-USDT-SWAP,-1,2025-07-07 13:45:00+00:00,2025-07-09 12:15:00+00:00,151.210039034994,154.6146683541202,327.3761376729355,-188.9490887955344,95.30205340981811,-1.6352004667256521,-282.6159417386268,-0.45951190615061577,stop,186,False
BTC-USDT-SWAP,1,2025-07-10 08:30:00+00:00,2025-07-13 00:30:00+00:00,116102.34700153684,117297.7582036343,35.18946163871837,1530.214558899975,49.113946141510326,9.953282291233364,1471.1473304672313,3.882959396337118,signal,256,False
SOL-USDT-SWAP,-1,2025-07-13 01:00:00+00:00,2025-07-13 08:30:00+00:00,161.07394869658438,162.5399770711776,242.58231962554186,-353.8171269245142,34.747024337478585,-3.9164033424212388,-384.64774791957154,-0.5002934338634081,signal,30,False
ETH-USDT-SWAP,1,2025-07-06 00:45:00+00:00,2025-07-14 00:30:00+00:00,2815.6623216050357,2974.0965104435063,187.67165061320551,2775.1070673860027,168.18020508586378,19.449969919314807,2587.476892380824,4.258336726621773,signal,767,False
SOL-USDT-SWAP,-1,2025-07-14 00:45:00+00:00,2025-07-14 03:00:00+00:00,162.53007443930522,165.72872202236786,339.4777971883692,-1069.2012524481338,42.665520857087415,0.0,-1111.8667733052212,-1.4451537259804188,stop,9,False
BTC-USDT-SWAP,1,2025-07-13 08:45:00+00:00,2025-07-15 04:00:00+00:00,118349.04069100998,116707.86968641441,109.0468694617028,-667.6022855994677,199.33805536083207,15.845240482779197,-882.785581443079,-1.8827218279045463,stop,173,False
SOL-USDT-SWAP,-1,2025-07-15 03:15:00+00:00,2025-07-15 18:15:00+00:00,159.9121143028298,163.51394389140054,269.58393153247306,-769.0955728672209,68.85193765524974,-0.7947499070232567,-837.1527606154473,-1.1064596750829816,stop,60,False
SOL-USDT-SWAP,-1,2025-07-16 18:30:00+00:00,2025-07-17 00:30:00+00:00,174.5685763998321,174.7098673579394,180.09839802568447,67.53674862313923,33.524403261581384,-2.4076201419528354,36.41996550351068,0.04851341272178449,signal,24,False
BTC-USDT-SWAP,1,2025-07-17 00:45:00+00:00,2025-07-18 00:30:00+00:00,119481.45589553869,119541.00682267798,31.05894130367208,158.15288453943754,50.50652595456165,10.420684570174268,97.22567401470161,0.16091147731546418,signal,95,False
BTC-USDT-SWAP,-1,2025-07-18 00:30:00+00:00,2025-07-23 00:30:00+00:00,119124.42495719471,119904.62367821061,42.1934020627138,278.1419387317184,218.0832631322782,-44.95051389141032,105.00918949085053,0.19607460495067294,signal,480,False
SOL-USDT-SWAP,1,2025-07-23 00:45:00+00:00,2025-07-23 10:00:00+00:00,200.06809692947826,196.07023803677922,337.7338404174372,-1597.5279505311175,69.51464668688956,4.589527228460634,-1671.6321244464677,-2.1745446795417576,stop,37,False
ETH-USDT-SWAP,1,2025-07-16 00:45:00+00:00,2025-07-24 00:30:00+00:00,3618.142736160659,3628.62278956932,123.47664016310806,1740.4932214223963,60.66758457287699,14.37884030962403,1665.4467965398953,2.2019067559601866,signal,767,False
SOL-USDT-SWAP,1,2025-07-24 10:15:00+00:00,2025-07-25 00:30:00+00:00,184.50328945268387,181.69331466328842,157.46252167181385,-177.30175531931525,42.08248821131866,3.662502831381273,-223.04674636201517,-0.29625367758343646,signal,57,False
BTC-USDT-SWAP,-1,2025-07-24 00:30:00+00:00,2025-07-28 00:30:00+00:00,117937.28889020639,119682.03186520452,36.79708781970254,44.1842407727064,151.95671062658818,-39.23024984111832,-68.54222001276345,-0.11261823876090578,signal,384,False
ETH-USDT-SWAP,1,2025-07-25 00:45:00+00:00,2025-07-28 00:30:00+00:00,3770.801117805905,3881.779857661523,134.89367733180677,1683.521587267698,136.80772386372053,16.348105635673214,1530.3657577683043,2.008437646001671,signal,287,False
BTC-USDT-SWAP,1,2025-07-28 00:30:00+00:00,2025-07-28 10:30:00+00:00,119680.72553997384,118625.06795697124,23.365838214196415,-247.23516673617155,47.14134984184708,2.7829110532357575,-297.1594276312544,-1.239472180043868,stop,40,False
SOL-USDT-SWAP,1,2025-07-28 00:45:00+00:00,2025-07-28 18:00:00+00:00,188.50241557790338,184.61190852127842,271.52796767917675,-685.6155833093235,85.5298589411142,7.034482268946105,-778.1799245193838,-1.0309028319747222,stop,69,False
BTC-USDT-SWAP,1,2025-07-29 10:45:00+00:00,2025-07-29 16:30:00+00:00,118510.59171102519,117213.19469986238,27.312944301612877,-354.3573230296899,22.480933672366067,3.1957649596517865,-380.03402166170775,-1.099514168153081,stop,23,False
ETH-USDT-SWAP,1,2025-07-30 00:30:00+00:00,2025-08-01 00:00:00+00:00,3763.9269276744308,3666.553847134058,112.30321898192736,-528.3422451974312,122.69295179668632,3.7463831989195917,-654.7815801930371,-0.8572521121210056,stop,190,False
BTC-USDT-SWAP,-1,2025-08-01 08:30:00+00:00,2025-08-03 00:30:00+00:00,113188.57128027058,112287.71045846156,38.84323777529559,664.9462841787189,82.82484553876142,-6.870276504247158,588.9917151442046,0.9672956843645377,signal,160,False
ETH-USDT-SWAP,-1,2025-08-03 00:45:00+00:00,2025-08-03 11:00:00+00:00,3394.259019181325,3505.1218338039216,73.56316219823772,-808.0732286443795,17.88250648828289,-1.4501271567500096,-824.5056079759123,-1.0646164498035016,stop,41,False
BTC-USDT-SWAP,1,2025-08-04 00:30:00+00:00,2025-08-05 00:30:00+00:00,114310.50973151259,114849.96115934107,26.082666387786148,142.83727898052774,21.11339865256062,4.989183403705786,116.73469692426134,0.40031005051976515,signal,96,False
ETH-USDT-SWAP,1,2025-08-05 00:45:00+00:00,2025-08-05 07:30:00+00:00,3683.5500774355924,3616.9120625410706,155.17257848680316,-1101.0952537817698,50.687674964711164,0.0,-1151.782928746481,-1.5068847946522468,stop,27,False
SOL-USDT-SWAP,-1,2025-07-29 00:30:00+00:00,2025-08-08 00:30:00+00:00,169.8635298664827,174.1618720823619,219.10562700587664,1445.9545540751446,103.04825009545175,-1.8391044512262182,1344.745408430919,1.7967197785980349,signal,960,False
BTC-USDT-SWAP,1,2025-08-08 00:45:00+00:00,2025-08-08 15:00:00+00:00,117517.20645392826,116224.0729761132,38.74420713874164,-500.2667895307314,31.75527291853751,0.7753492644346487,-532.7974117137036,-1.0847461523662514,stop,57,False
BTC-USDT-SWAP,-1,2025-08-09 00:45:00+00:00,2025-08-09 10:00:00+00:00,116593.28751968914,117700.41221790697,20.37879395886431,-222.62497799938123,16.74352657245229,-2.1287480512181887,-237.23975652061532,-1.084537237484011,stop,37,False
BTC-USDT-SWAP,-1,2025-08-10 10:15:00+00:00,2025-08-10 23:00:00+00:00,118145.66273022228,119235.86596528704,20.751233067540184,-226.53158252056437,17.384116990071846,-2.421304512419192,-241.49439499821702,-1.100788609918299,stop,51,False
SOL-USDT-SWAP,1,2025-08-11 00:30:00+00:00,2025-08-11 11:45:00+00:00,183.2653298923631,178.2254628607474,112.70909773547686,-501.7882878553411,16.75645850877875,2.0192264489123666,-520.5639728130323,-1.0752386425994545,stop,45,False
SOL-USDT-SWAP,-1,2025-08-12 00:45:00+00:00,2025-08-12 15:15:00+00:00,177.19641298929977,180.14989023778045,326.17019785250403,-832.9177203488019,86.96865529883911,0.3579619265382989,-920.2443375741793,-1.2436630472091068,stop,58,False
SOL-USDT-SWAP,1,2025-08-13 00:30:00+00:00,2025-08-14 08:30:00+00:00,200.95196010521192,204.02507574834073,134.63749690213996,1150.3813393219843,43.138503216951946,5.739520356559975,1101.5033157484725,1.4976134614043504,signal,128,False
BTC-USDT-SWAP,1,2025-08-14 08:45:00+00:00,2025-08-14 12:30:00+00:00,121741.09999999999,119943.93216836077,18.888640859332494,-337.7332507645881,15.927800784658288,0.0,-353.6610515492464,-1.0616854623436298,stop,15,False
SOL-USDT-SWAP,1,2025-08-14 16:30:00+00:00,2025-08-15 00:30:00+00:00,191.15966559955282,192.32294619696123,110.3583416038157,184.8593555274887,21.941931832920616,1.3936878139755597,161.5237358805925,0.215905466439984,signal,32,False
ETH-USDT-SWAP,1,2025-08-06 07:45:00+00:00,2025-08-17 00:30:00+00:00,4312.49320413211,4408.927839267867,101.2833737979957,2082.226057026798,70.79743570797146,18.030936472672042,1993.3976848461546,2.6407027978761413,signal,1027,False
SOL-USDT-SWAP,1,2025-08-17 00:45:00+00:00,2025-08-18 00:30:00+00:00,191.19232822201673,189.5799527226713,169.959275706939,300.6157416903791,42.68060593405729,3.996591646954843,253.93854410936697,0.3399284819831949,signal,95,False
ETH-USDT-SWAP,1,2025-08-18 00:45:00+00:00,2025-08-18 02:00:00+00:00,4438.197981432244,4349.1139135536,113.00455717396089,-999.7927857205541,36.47365051902147,0.0,-1036.2664362395756,-1.3578080627771623,stop,5,False
SOL-USDT-SWAP,1,2025-08-19 00:30:00+00:00,2025-08-19 16:45:00+00:00,180.6723833330335,176.6847978513232,205.89236074647638,-635.2516057915891,54.64371480282514,3.7832736493409023,-693.6785942437551,-0.9365730362236253,stop,65,False
ETH-USDT-SWAP,-1,2025-08-20 00:30:00+00:00,2025-08-20 08:15:00+00:00,4096.360406409667,4224.106726717516,63.79730859132225,-792.2473878176265,22.256514129242667,-0.08376991355705436,-814.4201320333121,-1.0814084672028186,stop,31,False
SOL-USDT-SWAP,1,2025-08-21 00:45:00+00:00,2025-08-21 15:30:00+00:00,186.55273384391697,182.3765167414694,220.74970688976515,-783.6066810667709,59.671354456144144,3.106344406179566,-846.3843799290946,-1.1571538760084281,stop,59,False
BTC-USDT-SWAP,-1,2025-08-15 00:45:00+00:00,2025-08-23 00:30:00+00:00,115872.1734874338,117033.94868150484,54.92592468815231,902.8258904086401,187.72378138636162,-30.01304047574727,745.1151494980257,1.3027750140379277,signal,767,False
SOL-USDT-SWAP,1,2025-08-22 15:45:00+00:00,2025-08-24 00:30:00+00:00,200.8451731202184,206.06150001050267,118.61493281445564,956.8081334467379,34.63946746117499,6.523449557422378,915.6452164281405,1.2678103062536734,signal,131,False
ETH-USDT-SWAP,1,2025-08-23 00:45:00+00:00,2025-08-25 00:30:00+00:00,4772.8752294599635,4751.667537589025,140.44876616165467,599.8981753569444,222.05008920170866,17.941235667867616,359.90685048736816,0.4888576743833947,signal,191,False
SOL-USDT-SWAP,1,2025-08-25 00:45:00+00:00,2025-08-25 10:15:00+00:00,200.20644711093075,195.54059736131614,285.83640485810025,-1242.8127409170615,59.11553934404586,3.585450242202916,-1305.5137305033104,-1.747388306526226,stop,38,False
SOL-USDT-SWAP,1,2025-08-26 10:45:00+00:00,2025-08-27 00:30:00+00:00,190.88492933540383,195.18360131503394,124.0291590569594,644.7512363415939,25.03861087610048,1.801272166265769,617.9113532992276,0.8363165643753432,signal,55,False
ETH-USDT-SWAP,1,2025-08-27 00:45:00+00:00,2025-08-28 00:30:00+00:00,4547.2198614840545,4488.3495272553855,107.12021795195102,-358.6355028132942,85.43922222248914,3.9136854741332674,-447.9884105099166,-0.59464381534412,signal,95,False
SOL-USDT-SWAP,1,2025-08-28 00:45:00+00:00,2025-09-01 21:15:00+00:00,201.34125170842975,195.5569164363479,191.76991310270284,-1.8012796156632476,161.59920768377793,12.10425092702885,-175.50473822647004,-0.2370622542216261,stop,466,False
BTC-USDT-SWAP,-1,2025-08-24 01:00:00+00:00,2025-09-02 00:30:00+00:00,109150.55623847485,108993.1169234782,48.26978022040967,2059.9922683816512,173.42970279367344,-33.44774645733898,1920.0103120453168,3.649860616106517,signal,862,False
ETH-USDT-SWAP,-1,2025-09-02 00:30:00+00:00,2025-09-02 06:30:00+00:00,4317.135596333937,4408.557978742366,115.15137250402287,-1060.1008826249702,40.74207382857223,0.0,-1100.8429564535425,-1.46586405083152,stop,24,False
ETH-USDT-SWAP,-1,2025-09-03 06:45:00+00:00,2025-09-03 13:30:00+00:00,4332.553209436198,4422.108800992698,121.4493137539949,-1119.7925169885311,47.71282035929826,0.03183910668805179,-1167.5371764545175,-1.5739240534138794,stop,27,False
SOL-USDT-SWAP,1,2025-09-02 21:45:00+00:00,2025-09-05 00:30:00+00:00,204.62196172728724,202.18527071386544,302.51343189041893,-560.4211567484183,149.18180975090357,9.990094006716529,-719.5930605060383,-0.9869465038443558,signal,203,False
ETH-USDT-SWAP,-1,2025-09-04 13:45:00+00:00,2025-09-05 00:30:00+00:00,4341.7267406475885,4303.12684114467,74.16344150217137,533.8088941884422,34.83358754069338,1.383178554002552,497.5921280937463,0.6814492680668343,signal,43,False
SOL-USDT-SWAP,-1,2025-09-05 00:30:00+00:00,2025-09-05 07:30:00+00:00,203.54808632227494,207.33777882469516,280.50224574475504,-1120.740880457223,98.73060476200735,0.0,-1219.4714852192303,-1.6853075600394338,stop,28,False
BTC-USDT-SWAP,1,2025-09-05 00:45:00+00:00,2025-09-09 00:30:00+00:00,111750.18192453307,111514.21709543638,50.82155137722379,425.68755448168076,163.4276341493868,25.411176469778248,236.84874386251573,0.45790257649286265,signal,383,False
ETH-USDT-SWAP,-1,2025-09-06 00:30:00+00:00,2025-09-10 00:30:00+00:00,4317.138501202338,4296.7550974157575,122.11639278337272,723.4919351993079,200.79420339290618,-22.205111752550124,544.9028435589519,0.761208583365225,signal,384,False
BTC-USDT-SWAP,-1,2025-09-10 00:45:00+00:00,2025-09-10 07:45:00+00:00,111220.9924401064,112369.68310858804,47.054201491672195,-537.4778222558689,36.90264382979155,0.0,-574.3804660856605,-1.0917295786853487,stop,28,False
ETH-USDT-SWAP,-1,2025-09-11 00:30:00+00:00,2025-09-11 05:30:00+00:00,4348.681617613645,4423.946403586438,115.61183874362081,-862.4630498988067,35.624366979552185,0.0,-898.0874168783589,-1.232648249191824,stop,20,False
BTC-USDT-SWAP,1,2025-09-12 00:45:00+00:00,2025-09-12 12:00:00+00:00,115951.74780929046,114755.12510019953,52.34664068370883,-628.0132243841974,42.61674357718884,2.261235291662346,-672.8912032530486,-1.1048570415934227,stop,45,False
BTC-USDT-SWAP,1,2025-09-13 12:15:00+00:00,2025-09-15 00:00:00+00:00,115890.84815504443,114920.84949850774,50.441445979830156,-331.37473370002107,55.241874097557144,9.507148888610445,-396.1237566861887,-0.8746592371623582,stop,143,False
SOL-USDT-SWAP,1,2025-09-09 00:45:00+00:00,2025-09-17 00:30:00+00:00,234.71027193281418,236.11859228360714,202.31610354438587,1832.5170155672695,97.26395146588415,11.260266062311501,1723.9927980390737,2.442032395185039,signal,767,False
BTC-USDT-SWAP,1,2025-09-17 00:45:00+00:00,2025-09-17 14:30:00+00:00,116497.86774410088,115499.77620949592,101.71026956946282,-892.9706784039017,167.34291701264334,4.519922246537466,-1064.8335176630824,-1.4734653854073039,stop,55,False
ETH-USDT-SWAP,-1,2025-09-15 00:30:00+00:00,2025-09-18 00:30:00+00:00,4548.517138909632,4598.032236280395,89.4946139621137,500.4647821325625,106.28966130903075,-8.709564694370652,402.8846855179024,0.5976719978854048,signal,288,False
BTC-USDT-SWAP,-1,2025-09-18 00:45:00+00:00,2025-09-18 03:15:00+00:00,116339.50085263774,117743.8900427707,24.849160377363773,-348.7675391356021,20.41095617393531,0.0,-369.17849530953737,-1.1004556717266103,stop,10,False
BTC-USDT-SWAP,1,2025-09-19 00:45:00+00:00,2025-09-19 08:45:00+00:00,117345.9,116888.40000000001,10.256734377952263,-46.912827390703,9.058325740750938,0.24980953508419323,-56.220962666538135,-0.45829368807272947,signal,32,False
SOL-USDT-SWAP,1,2025-09-18 00:30:00+00:00,2025-09-19 15:00:00+00:00,240.83652578379105,237.944185782258,399.1983933248014,-1135.0897573735874,149.6268645703833,7.390592071563504,-1292.1072140155343,-1.8478149177649652,stop,154,False
BTC-USDT-SWAP,-1,2025-09-19 08:45:00+00:00,2025-09-20 00:30:00+00:00,116888.40000000001,115540.30223255741,18.012646869614304,242.6247441552823,22.925620294056703,-1.8471661932380092,221.54629005446358,1.1397430231850276,signal,63,False
BTC-USDT-SWAP,1,2025-09-20 00:30:00+00:00,2025-09-22 00:30:00+00:00,115717.8652595627,114555.16723877216,50.5172080481797,-424.2576455632717,55.55943390949252,4.915293133326151,-484.73237260609034,-4.874477042394117,stop,192,False
ETH-USDT-SWAP,-1,2025-09-20 00:30:00+00:00,2025-09-24 00:30:00+00:00,4245.132619106926,4181.316506861972,216.31493016004552,1960.8224607050474,272.4597615840707,-5.941022217413898,1694.3037213383907,2.4480213623804836,signal,384,False
BTC-USDT-SWAP,-1,2025-09-24 00:45:00+00:00,2025-09-24 14:45:00+00:00,112122.18391708726,113377.9419299543,62.330384155122516,-646.9928496853504,76.17765208057547,-4.194553934351031,-718.9759478315749,-1.008419469096255,stop,56,False
BTC-USDT-SWAP,1,2025-09-25 00:30:00+00:00,2025-09-25 04:15:00+00:00,113087.6649133327,111950.97357601076,25.6617969884885,-291.6954233692921,20.168381180672462,0.0,-311.8638045499645,-1.0941017872813257,stop,15,False
ETH-USDT-SWAP,-1,2025-09-25 16:30:00+00:00,2025-09-27 00:30:00+00:00,3963.074970551384,4028.7437805438717,101.35463897715923,-185.50355664036096,79.0163664046757,-2.3753509126342043,-262.14457213240246,-0.3700238632506202,signal,128,False
BTC-USDT-SWAP,1,2025-09-27 00:45:00+00:00,2025-09-28 00:30:00+00:00,109420.0,109669.5816241777,7.493228020652972,18.7017201972847,5.74871393023758,1.1930117814836705,11.75999448556345,0.11113408449046328,signal,95,False
ETH-USDT-SWAP,-1,2025-09-28 00:45:00+00:00,2025-09-28 22:00:00+00:00,4022.6233991103527,4096.416269399909,53.65869339224801,-382.30344431113383,15.300561814529711,-2.64584625491974,-394.9581598707438,-1.0349151313837104,stop,85,False
SOL-USDT-SWAP,-1,2025-09-23 00:30:00+00:00,2025-09-30 08:30:00+00:00,209.6659186682796,208.40764410178122,124.10988800609702,1289.7922547487565,77.43356297709626,1.481067497868717,1210.8776242737915,1.7481521566866063,signal,704,False
ETH-USDT-SWAP,1,2025-09-30 08:45:00+00:00,2025-09-30 15:15:00+00:00,4168.111596322767,4095.0262752860235,41.999205495681686,-306.9525416940043,12.100540011555559,0.0,-319.05308170555986,-1.0613926659161443,stop,26,False
SOL-USDT-SWAP,-1,2025-09-30 16:30:00+00:00,2025-09-30 21:15:00+00:00,205.6835737056751,210.93162561977852,163.78492519962666,-849.4066399167988,25.930642278120906,0.0,-875.3372821949197,-1.2702231766964198,stop,19,False
SOL-USDT-SWAP,-1,2025-10-01 21:45:00+00:00,2025-10-02 00:30:00+00:00,219.24050639437596,220.82929473529438,190.14103907548102,-311.0723482526476,31.144571018657707,-3.294905717253531,-338.9220135540518,-0.4908216809414832,signal,11,False
ETH-USDT-SWAP,1,2025-10-02 00:45:00+00:00,2025-10-03 00:30:00+00:00,4409.639548651438,4470.099350239375,66.37005637339132,803.4090125376904,49.86269682930746,1.5744369793914221,751.9718787289916,1.3287118271971552,signal,95,False
SOL-USDT-SWAP,1,2025-10-03 00:45:00+00:00,2025-10-04 00:30:00+00:00,232.5688306007252,232.50095002307702,121.39364266008819,215.55877196670644,43.1215575378593,5.054951096863476,167.38226333198367,0.23962102712280067,signal,95,False
ETH-USDT-SWAP,1,2025-10-04 00:45:00+00:00,2025-10-05 00:30:00+00:00,4496.70557609096,4486.352848360252,65.05234406632745,-66.99411333888357,20.571872771476087,3.2806448305091274,-90.84663094086879,-0.14363300781625937,signal,95,False
SOL-USDT-SWAP,-1,2025-10-05 01:00:00+00:00,2025-10-05 03:00:00+00:00,226.82,231.7318779102699,138.06033266486943,-670.2807660781057,22.255531641571032,0.0,-692.5362977196767,-1.0390407248334013,stop,8,False
SOL-USDT-SWAP,-1,2025-10-06 03:15:00+00:00,2025-10-07 00:30:00+00:00,232.68471400705602,231.57239523305918,141.36178832137242,229.29054543161092,40.69253518686445,-3.0262685359171417,191.62427878066364,0.27601410105247753,signal,85,False
ETH-USDT-SWAP,1,2025-10-07 00:45:00+00:00,2025-10-07 14:45:00+00:00,4683.61603634255,4589.224623218345,71.5391380481077,-462.6212431435489,44.16769779356818,3.3254046753627104,-510.11434561247984,-0.795786072756569,stop,56,False
SOL-USDT-SWAP,-1,2025-10-08 00:30:00+00:00,2025-10-08 17:15:00+00:00,221.9214519786892,226.5043371806146,198.88322229493963,-755.45116588604,77.34032687739655,1.2237605210532487,-834.0152532844899,-1.206568851368015,stop,67,False
BTC-USDT-SWAP,1,2025-09-29 00:30:00+00:00,2025-10-10 00:30:00+00:00,121932.30716809406,121777.67955366278,53.12255191185988,2065.151817783716,169.9672278006029,23.547799419795563,1871.6367905633176,4.200368704133673,signal,1056,False
ETH-USDT-SWAP,-1,2025-10-10 00:45:00+00:00,2025-10-12 00:30:00+00:00,3960.121821389034,3731.439304187938,60.46527481861013,1743.3085885594376,38.57318493772066,0.26021787578603633,1704.4751857459307,2.7834910907565056,signal,191,False
BTC-USDT-SWAP,1,2025-10-12 00:45:00+00:00,2025-10-12 08:30:00+00:00,109719.09999999999,111614.18732898324,10.221341786350495,193.68353937769538,7.947176720824228,0.3215599863350471,185.41480267053612,0.6471326596080373,signal,31,False
ETH-USDT-SWAP,-1,2025-10-12 09:00:00+00:00,2025-10-12 14:45:00+00:00,3820.25,3973.7948568846373,44.54834070706141,-677.2031792855385,12.251607490673365,0.0,-689.4547867762118,-1.021363697451288,stop,23,False
SOL-USDT-SWAP,-1,2025-10-09 17:30:00+00:00,2025-10-13 00:30:00+00:00,193.09840079369573,196.81074693803728,258.8908872338239,2444.4595723169646,124.28470068658363,36.09267766011531,2284.0821939702655,3.3417325699846034,signal,316,False
ETH-USDT-SWAP,1,2025-10-13 00:30:00+00:00,2025-10-14 00:30:00+00:00,4179.628325300727,4243.42072220614,52.36157656617535,486.99632142852454,35.585043089652686,2.5692925351790765,448.84198580369275,0.6163006702547923,signal,96,False
SOL-USDT-SWAP,1,2025-10-14 00:45:00+00:00,2025-10-14 04:45:00+00:00,208.62280801119388,201.02058549464113,146.60683510765708,-1133.783718983235,22.776220451189722,0.0,-1156.559939434425,-1.5922047889296522,stop,16,False
SOL-USDT-SWAP,1,2025-10-15 05:00:00+00:00,2025-10-15 20:30:00+00:00,201.84568805259997,193.50828795488994,122.1607002972708,-915.2671388301773,29.302764874528975,1.7613577453195044,-946.3312614500257,-1.3163773190211407,stop,62,False
ETH-USDT-SWAP,1,2025-10-16 00:30:00+00:00,2025-10-16 20:30:00+00:00,3989.8952115393913,3842.158775432517,32.51336251140227,-477.96486439611124,8.973876546519254,0.17115740162532483,-487.10989834425584,-1.0926361943246636,stop,80,False
ETH-USDT-SWAP,1,2025-10-17 20:45:00+00:00,2025-10-19 00:30:00+00:00,3866.6352083513534,3877.4437035310198,49.64542816665095,200.48868977174465,29.482898674810226,2.311361716669372,168.69442938026503,0.3348595374021533,signal,111,False
SOL-USDT-SWAP,1,2025-10-19 00:45:00+00:00,2025-10-21 00:30:00+00:00,188.75123649978073,189.44,159.96183033549713,757.6935764751955,63.033886567709054,-1.096509110425954,695.7561990179124,0.9836366350364542,signal,191,False
BTC-USDT-SWAP,-1,2025-10-13 00:45:00+00:00,2025-10-21 00:30:00+00:00,109766.18029553776,110324.16255981565,30.17108299970329,907.5371149946191,99.22378532585806,4.7988661507612,803.5144635179997,2.0790202005717466,signal,767,False
ETH-USDT-SWAP,1,2025-10-21 00:45:00+00:00,2025-10-21 04:00:00+00:00,3978.7849274507985,3887.2914161552444,64.14484760462207,-586.8837338865085,17.571856830659662,0.0,-604.4555907171681,-1.0529081258654822,stop,13,False
SOL-USDT-SWAP,-1,2025-10-21 00:30:00+00:00,2025-10-21 15:15:00+00:00,188.4744612851579,194.77362913242953,136.57436479030048,-547.2236588864421,36.037421157498216,1.1900170323870243,-584.4510970763273,-0.8148399547029934,stop,59,False
ETH-USDT-SWAP,1,2025-10-22 04:15:00+00:00,2025-10-22 21:00:00+00:00,3866.4930011183333,3750.7982779949134,49.9581323341095,-579.2630095374359,13.457047375132717,0.8698097542305859,-593.5898666667991,-1.051381899774074,stop,67,False
BTC-USDT-SWAP,-1,2025-10-22 00:30:00+00:00,2025-10-23 00:30:00+00:00,107922.5644470425,107643.44310884623,33.97218619458272,321.4442273845657,80.2867206316482,-5.389930455885863,246.54743720880336,0.3461683356235562,signal,96,False
SOL-USDT-SWAP,-1,2025-10-23 00:30:00+00:00,2025-10-23 06:15:00+00:00,180.92365668463847,186.58976760430343,182.9245971603507,-1044.730493936369,26.65500437347147,0.0,-1071.3854983098404,-1.5351739908894257,stop,23,False
ETH-USDT-SWAP,1,2025-10-23 21:15:00+00:00,2025-10-24 00:30:00+00:00,3834.44,3847.1,45.526312094318584,57.63631111140666,12.172561741435997,0.15627885259979632,45.30747051737087,0.09057752800907923,signal,13,False
ETH-USDT-SWAP,-1,2025-10-24 00:30:00+00:00,2025-10-24 04:30:00+00:00,3848.0556051843687,3952.5983914039307,72.38390189226384,-747.9015942547304,23.37444586040332,0.0,-771.2760401151337,-1.100816814604219,stop,16,False
ETH-USDT-SWAP,-1,2025-10-25 04:45:00+00:00,2025-10-26 09:30:00+00:00,3922.777393003214,4009.0332392555047,55.89664897790193,-472.07059866300403,15.7854322377352,-4.3817439306644745,-483.4742869700748,-1.0129712037517054,stop,115,False
BTC-USDT-SWAP,1,2025-10-24 00:30:00+00:00,2025-10-30 00:30:00+00:00,111092.40246631505,110264.04877521735,33.43881823094441,563.3353685169081,151.82668567460013,13.633799513229704,397.87488332907833,0.597878494485,signal,576,False
SOL-USDT-SWAP,1,2025-10-30 00:45:00+00:00,2025-10-30 12:30:00+00:00,193.35000110330307,187.19739990331087,142.63755737659883,-644.6640677336163,40.44290952958541,0.33300597156611295,-685.4399832347679,-0.9943234307013821,stop,47,False
ETH-USDT-SWAP,-1,2025-10-27 10:00:00+00:00,2025-10-31 00:30:00+00:00,3897.9821086964484,3807.9893968749866,55.16148403724613,1295.7657856456153,48.70574939846396,-2.2621532833078595,1249.3221895304594,4.23107614953935,signal,346,False
BTC-USDT-SWAP,-1,2025-10-31 00:45:00+00:00,2025-10-31 14:45:00+00:00,108747.1270314284,110860.94878336159,34.820831415701164,-748.9386236870105,28.183170322452064,-3.830192917300253,-773.2916010921623,-1.1135698238885552,stop,56,False
BTC-USDT-SWAP,1,2025-11-01 00:30:00+00:00,2025-11-02 00:30:00+00:00,109824.41050238421,109959.18019948849,34.02027985279671,185.18089108054653,51.29405439913763,8.022420210367706,125.86441647104121,0.1820630993798444,signal,96,False
SOL-USDT-SWAP,-1,2025-10-31 00:30:00+00:00,2025-11-03 00:30:00+00:00,186.17775212934245,187.85923760850972,401.2826878902722,687.8716149728876,257.7213108165263,-0.024308823733411034,430.17461298009476,0.6277278292303761,signal,288,False
ETH-USDT-SWAP,1,2025-11-02 00:45:00+00:00,2025-11-03 00:30:00+00:00,3853.9245674894414,3891.87,170.9976183351725,549.9972134363121,132.61171769873042,6.681152366502577,410.70434337107906,0.5905292673215096,signal,95,False
SOL-USDT-SWAP,1,2025-11-03 00:30:00+00:00,2025-11-03 02:30:00+00:00,186.78489260584885,183.86842773170707,378.0484026057507,-1122.3051477704187,84.31458426454783,0.0,-1206.6197320349665,-1.7289392996241733,stop,8,False
ETH-USDT-SWAP,-1,2025-11-03 00:30:00+00:00,2025-11-06 00:30:00+00:00,3489.8183418278695,3404.150306296732,111.7773918883638,1781.5685139501265,47.79388639095416,-2.0644123450017196,1735.8390399041741,2.482956731318824,signal,288,False
BTC-USDT-SWAP,1,2025-11-06 00:45:00+00:00,2025-11-06 16:30:00+00:00,103359.74481558058,101038.80219733124,30.32858138177416,-678.6178700258367,26.836335399269018,3.7972148671713146,-709.2514202922771,-1.045731916926311,stop,63,False
ETH-USDT-SWAP,-1,2025-11-07 00:30:00+00:00,2025-11-07 18:15:00+00:00,3352.5531593852547,3422.57664260592,190.67142143880224,-1005.9923341512579,100.84859503990506,-3.30450772369438,-1103.5364214674687,-1.5552483034374558,stop,71,False
SOL-USDT-SWAP,-1,2025-11-04 00:30:00+00:00,2025-11-10 13:30:00+00:00,164.85725086771845,170.25944413877272,299.7123822255613,241.68097752925587,155.749714971671,3.9271724639971506,82.0040900935877,0.11923871520892153,stop,628,False
BTC-USDT-SWAP,1,2025-11-08 00:30:00+00:00,2025-11-11 00:30:00+00:00,104917.59882213036,105546.37876096953,44.138962513832844,205.7257726147953,68.82678137434547,8.010038792196552,128.88895244825326,0.18474999371052372,signal,288,False
SOL-USDT-SWAP,1,2025-11-11 00:30:00+00:00,2025-11-11 14:45:00+00:00,165.2639827042442,161.4415387311793,260.3216044647971,-906.1062914802022,55.42630991050339,-8.824031810023087,-952.7085695806825,-1.4113737902356671,stop,57,False
ETH-USDT-SWAP,-1,2025-11-11 00:45:00+00:00,2025-11-12 00:30:00+00:00,3531.9532196345317,3426.36,93.65353594260809,746.7716973039849,49.852867043397325,-0.17819203519974608,697.0970222957874,1.0137700376955217,signal,95,False
SOL-USDT-SWAP,-1,2025-11-12 00:30:00+00:00,2025-11-12 10:45:00+00:00,156.2070897515995,160.0307738477231,292.7056924593279,-1088.9362215875833,46.01920254586621,3.3953635085245293,-1138.350787641974,-1.6933486990546829,stop,41,False
ETH-USDT-SWAP,1,2025-11-12 00:30:00+00:00,2025-11-13 16:45:00+00:00,3427.8550279695314,3325.507959939003,101.79759422469719,-107.30225158213432,108.43812281559201,4.527735048309427,-220.26810944603577,-0.32256272045469003,stop,161,False
SOL-USDT-SWAP,-1,2025-11-13 11:00:00+00:00,2025-11-15 00:30:00+00:00,145.14302151282598,140.6985621776339,167.46304145556363,1173.1665553341136,30.607999363656283,0.3965763310890889,1142.1619796393682,1.7050884596920888,signal,150,False
ETH-USDT-SWAP,1,2025-11-15 00:45:00+00:00,2025-11-17 19:30:00+00:00,3108.857218262669,2976.7168109207696,87.59967270021505,-293.44445251306877,81.32463383159565,8.22375204979339,-382.9928383944578,-0.5547941180071538,stop,267,False
ETH-USDT-SWAP,1,2025-11-18 19:45:00+00:00,2025-11-19 00:30:00+00:00,3141.551015557714,3090.999363853743,63.83062215278421,-322.46189646575925,14.455965759771843,1.9784173675011165,-338.8962795930322,-0.491693268059676,signal,19,False
SOL-USDT-SWAP,1,2025-11-19 01:00:00+00:00,2025-11-19 15:30:00+00:00,138.94575312972367,135.45240923367203,257.0110923198823,-974.4642454264766,51.03612790336962,1.732397709456346,-1027.2327710393026,-1.5227566391492693,stop,58,False
SOL-USDT-SWAP,1,2025-11-20 15:45:00+00:00,2025-11-20 16:00:00+00:00,139.59750595049584,134.82123733773332,178.25971977904334,-851.4163045004872,16.99352045256186,0.0,-868.409824953049,-1.3044070589649464,stop,1,False
BTC-USDT-SWAP,-1,2025-11-14 00:30:00+00:00,2025-11-27 00:30:00+00:00,88083.46948969564,90206.57366007724,25.691760446489923,1437.495050030094,69.01697453538247,-15.197685517882206,1383.6757610125937,2.259251459049547,signal,1248,False
ETH-USDT-SWAP,1,2025-11-27 01:00:00+00:00,2025-11-27 08:30:00+00:00,3033.4622473097397,3019.872670584227,33.17949650508525,-45.08953134697421,7.022867736631021,0.16531437079127748,-52.27771345439651,-0.19273152042672806,signal,30,False
BTC-USDT-SWAP,-1,2025-11-27 08:45:00+00:00,2025-11-28 00:30:00+00:00,91328.40725663262,91187.5,28.037935409565588,39.50748560204518,18.936661346539548,-1.5932345125736442,22.164058768079276,0.05100985586601097,signal,63,False
SOL-USDT-SWAP,1,2025-11-21 16:15:00+00:00,2025-11-28 00:30:00+00:00,136.7210861755401,141.01999999999998,97.254959673287,1211.6667484325533,45.31947144418784,-1.347212255012948,1167.6944892433783,1.7616666513843953,signal,609,False
BTC-USDT-SWAP,1,2025-11-28 00:30:00+00:00,2025-12-01 00:00:00+00:00,91067.6504066616,89739.9996075891,75.69008943170631,-137.78800395950827,323.9370216147411,11.210383027895201,-472.9354086021446,-0.6946427602615792,stop,286,False
ETH-USDT-SWAP,1,2025-12-01 00:30:00+00:00,2025-12-01 00:45:00+00:00,2886.776637609602,2835.3085313032648,151.57012497930995,-780.1027305299937,30.238385337223768,0.0,-810.3411158672175,-1.1714670046763684,stop,1,False
ETH-USDT-SWAP,-1,2025-12-02 00:30:00+00:00,2025-12-02 14:00:00+00:00,2789.187936713043,2865.537695145505,80.20487703247395,-600.5151279313893,16.06565205292319,-1.2278125314553638,-615.3529674528571,-1.0177605444568762,stop,54,False
SOL-USDT-SWAP,-1,2025-11-28 00:30:00+00:00,2025-12-03 21:45:00+00:00,141.35276147248854,144.60707231724334,308.40809974049006,200.8056469081423,162.6290153745603,-7.654546229966962,45.83117776354896,0.06701342797992194,stop,565,False
BTC-USDT-SWAP,1,2025-12-03 00:30:00+00:00,2025-12-04 00:30:00+00:00,92503.66092098149,92774.27566305829,35.41299045745268,567.7672014060264,49.00231849003124,0.46699112592724845,518.2978917900679,0.769552162290517,signal,96,False
ETH-USDT-SWAP,1,2025-12-04 00:30:00+00:00,2025-12-04 19:00:00+00:00,3157.971569295877,3090.539466601432,146.87928640804165,-732.5869342035785,82.9443576224318,3.989640364990149,-819.5209321910004,-1.226076797091046,stop,74,False
SOL-USDT-SWAP,-1,2025-12-04 22:00:00+00:00,2025-12-06 00:30:00+00:00,136.82674997082717,133.1378997532872,239.3051006817022,774.8663411679686,40.716626609717856,-2.3341561763327814,736.4838707345834,1.1418467881350345,signal,106,False
BTC-USDT-SWAP,-1,2025-12-06 00:45:00+00:00,2025-12-07 00:30:00+00:00,89587.15910378443,89327.25730367922,56.68234307792657,126.0290086168666,76.99615105434229,-1.2050519439083933,50.23790950643271,0.07511331354259661,signal,95,False
ETH-USDT-SWAP,1,2025-12-05 19:15:00+00:00,2025-12-07 14:15:00+00:00,3031.2526117990337,2908.874054777311,66.93702759087347,-505.6449754908182,43.26452756301659,1.8392570463356086,-550.7487601001704,-0.8249163168978311,stop,172,False
SOL-USDT-SWAP,-1,2025-12-07 01:00:00+00:00,2025-12-07 17:30:00+00:00,133.10989712901943,135.23500740005613,475.53094408281146,-553.575126593687,89.90565728219892,0.015224838655727324,-643.4960087145416,-0.9941736886837543,stop,66,False
SOL-USDT-SWAP,-1,2025-12-08 17:45:00+00:00,2025-12-09 16:00:00+00:00,135.72978753418369,139.05579784983175,318.3862185118577,-706.1404957056163,55.50053472763455,0.17567797728311052,-761.816708410534,-1.1910669993359684,stop,89,False
SOL-USDT-SWAP,-1,2025-12-10 16:15:00+00:00,2025-12-10 20:00:00+00:00,137.27947824959466,140.40554123166845,286.9427734772723,-955.3100345852404,34.02987959195437,0.0,-989.3399141771947,-1.5241650307360846,stop,15,False
SOL-USDT-SWAP,-1,2025-12-11 20:15:00+00:00,2025-12-12 06:00:00+00:00,137.01724074796473,139.26013363803634,402.3726476848832,-1059.4361920740157,80.658161709817,-2.9408199596252613,-1137.1535338242074,-1.7791767169386576,stop,39,False
ETH-USDT-SWAP,1,2025-12-08 14:30:00+00:00,2025-12-12 15:45:00+00:00,3148.251886111916,3066.3514211182996,221.0262372535262,457.5348684901992,260.1782881211959,10.2279152090317,187.12866515997158,0.28546922726388535,stop,389,False
ETH-USDT-SWAP,1,2025-12-13 16:00:00+00:00,2025-12-14 23:30:00+00:00,3084.518937340878,3042.4150491105597,172.09077803537633,-586.8129482773438,128.52514682082017,8.759541629929725,-724.0976367280937,-1.153885485990747,stop,126,False
SOL-USDT-SWAP,-1,2025-12-13 06:30:00+00:00,2025-12-15 00:30:00+00:00,131.905722052149,130.19543008101448,305.23725117699877,586.7422848405934,74.93947555848459,4.925586929979027,506.87722235212976,0.8289365100502231,signal,168,False
BTC-USDT-SWAP,-1,2025-12-15 00:30:00+00:00,2025-12-15 02:15:00+00:00,88691.0828589446,89674.9380346639,98.56874828409074,-937.6206249978654,68.02866766523793,0.0,-1005.6492926631033,-1.6030606553514968,stop,7,False
ETH-USDT-SWAP,1,2025-12-15 23:45:00+00:00,2025-12-16 00:30:00+00:00,2963.741009999167,2967.812545037187,77.02115464846962,28.20770302138836,15.993056678351714,-0.14517857541170345,12.359824918448352,0.02005303890873365,signal,3,False
BTC-USDT-SWAP,-1,2025-12-16 02:45:00+00:00,2025-12-16 13:30:00+00:00,86735.53371926438,87603.89718428854,112.24580679981725,-992.5585716165529,102.29394399734088,-0.444598590256069,-1094.4079170236378,-1.7754146979760868,stop,43,False
SOL-USDT-SWAP,1,2025-12-16 00:30:00+00:00,2025-12-17 16:30:00+00:00,126.74848318225386,123.76587473433706,363.6290089411516,-24.32355900327707,128.746052906528,1.8169105114794328,-154.8865224212845,-0.258656914456504,stop,160,False
BTC-USDT-SWAP,-1,2025-12-18 08:30:00+00:00,2025-12-18 13:30:00+00:00,86911.50404692092,88598.28967096905,38.84918841681621,-643.8265998390382,26.482147195918497,0.0,-670.3087470349567,-1.0740054394508864,stop,20,False
BTC-USDT-SWAP,1,2025-12-19 00:30:00+00:00,2025-12-19 08:30:00+00:00,85847.60458815216,87711.67661255016,33.4996929895982,547.3604374161889,26.934567718047134,1.1807689764865092,519.2451007216553,0.8340135086114056,signal,32,False
ETH-USDT-SWAP,-1,2025-12-17 00:30:00+00:00,2025-12-20 00:30:00+00:00,2980.96803102521,2979.2634429975446,276.997397896219,2342.790199734827,214.20407055863015,-7.115729371812116,2135.701858548009,3.489347178112435,signal,288,False
BTC-USDT-SWAP,1,2025-12-20 00:45:00+00:00,2025-12-24 00:30:00+00:00,87477.40074374266,87198.65427154668,65.89676360601099,280.5383523914594,196.717123473143,18.2779298614142,65.54329905690219,0.10503113006485351,signal,383,False
ETH-USDT-SWAP,1,2025-12-24 00:45:00+00:00,2025-12-24 14:30:00+00:00,2939.589181741801,2896.583895361495,182.38549534779028,-878.1990067969328,69.68024161170055,3.28476266862208,-951.1640110772555,-1.497836320876221,stop,55,False
ETH-USDT-SWAP,1,2025-12-25 15:00:00+00:00,2025-12-26 00:30:00+00:00,2933.7020472490485,2900.7343374754473,191.09643505259015,-448.88192316572156,62.20653094231368,4.073224439204047,-515.1616785472393,-0.8213844437272261,signal,38,False
SOL-USDT-SWAP,-1,2025-12-19 08:45:00+00:00,2025-12-28 00:30:00+00:00,123.526569081069,124.3254720576676,383.96259226009175,1452.5531050274974,227.77543197513643,-24.210188099927013,1248.9878611522881,2.04937528636183,signal,831,False
BTC-USDT-SWAP,1,2025-12-26 00:45:00+00:00,2025-12-29 00:30:00+00:00,87586.77778658264,88006.42060000793,66.25964199285099,985.4968358003723,147.19684793471987,17.89857215746821,820.4014157081842,1.3118903109021882,signal,287,False
ETH-USDT-SWAP,-1,2025-12-28 00:45:00+00:00,2025-12-29 01:30:00+00:00,2943.291135198969,2978.8406745979682,204.36778680826595,-485.5760937837118,128.50906413939393,-11.970142395101128,-602.1150155280046,-0.967986262648004,stop,99,False
SOL-USDT-SWAP,1,2025-12-29 00:45:00+00:00,2025-12-29 11:00:00+00:00,126.71036519503039,125.12298955715495,547.9927733580961,-90.65373617368084,83.62991190749062,3.0899955966228223,-177.3736436777943,-0.29830581121151467,stop,41,False
ETH-USDT-SWAP,-1,2025-12-30 01:45:00+00:00,2025-12-30 08:00:00+00:00,2944.316412015994,2982.69039343915,220.558530688786,-768.4375662155027,74.94660457396299,0.0,-843.3841707894657,-1.355487817385401,stop,25,False
ETH-USDT-SWAP,-1,2025-12-31 08:45:00+00:00,2025-12-31 14:00:00+00:00,2968.9159401874813,3011.52715085861,189.63329444191896,-815.3979233325193,41.72215604377528,0.0,-857.1200793762946,-1.3842502444856852,stop,21,False
BTC-USDT-SWAP,1,2025-12-30 00:30:00+00:00,2026-01-01 00:30:00+00:00,87829.39351392182,87727.5,57.82030234616449,489.99738435322314,114.76172968106617,9.717794675973826,365.5178599961831,0.6033448569055749,signal,192,False
BTC-USDT-SWAP,-1,2026-01-01 00:30:00+00:00,2026-01-01 23:00:00+00:00,87850.76695855649,88710.01966390597,85.15628372814675,-731.9517133436038,122.28664071197989,-6.149806139486941,-848.0885479160968,-1.3991884007332966,stop,90,False
SOL-USDT-SWAP,1,2026-01-01 00:30:00+00:00,2026-01-02 01:00:00+00:00,124.87230830043104,126.59485349394946,422.81621377480656,553.6972893170296,73.06519864697304,3.6288250360129375,477.0032656340436,0.8166010004976624,kill,98,False
